project,commit,date,month,total_complexity,avg_complexity,function_count,nloc,file_count
django-money,edf98a19a0d50085be56b23f051655186754ad4c,2011-05-15,2011-05,56.0,1.9310344827586208,29,148,4
django-money,dc2fd9ebb9f0444e6f3efc60077406ec7126e8e1,2011-11-08,2011-11,55.0,1.896551724137931,29,146,4
django-money,d0af2f5ede7f98d72dccf6cb601d8a83976bac7b,2011-12-06,2011-12,56.0,1.9310344827586208,29,149,4
django-money,74158ab0decf443dcb8222e1220deba664bb26c9,2012-04-21,2012-04,56.0,1.9310344827586208,29,148,4
django-money,ecc092b1c0e219ba39dd239bfcb1a4ee7e9ba2ee,2012-08-02,2012-08,56.0,1.9310344827586208,29,150,4
django-money,c634bd687c4d4523d26c9a936a8bee077f8e87bf,2012-09-30,2012-09,74.0,2.3870967741935485,31,197,5
django-money,9ebe7f68d5557ebca12872465ea4b69540ffeadb,2012-10-24,2012-10,65.0,2.096774193548387,31,181,5
django-money,eedb2419c920111f90e0961ede6167952ac6e95b,2012-11-30,2012-11,78.0,2.4375,32,207,5
django-money,90262d25090b50ab07807b6cd528fe649651cbc9,2012-12-19,2012-12,78.0,2.4375,32,209,5
django-money,270c9a4c6eec8b424e0f55f376596cd3ae082dda,2013-01-18,2013-01,80.0,2.4242424242424243,33,222,5
django-money,822b417aa1ce7358ad904168d750c1cce19da5c4,2013-02-17,2013-02,81.0,2.4545454545454546,33,226,5
django-money,ac9003e92dada8be9d5e21344d3480a10596f1dc,2013-03-25,2013-03,58.0,1.9333333333333333,30,156,4
django-money,c3fa6422745294b060f52806003b37295703c169,2013-06-25,2013-06,58.0,1.9333333333333333,30,156,4
django-money,54ec246e436c3f8d98449c74596a2d60289a1084,2013-07-31,2013-07,96.0,1.9591836734693877,49,366,9
django-money,0f34a412b89c456dea299b63b6d7df961ad74d05,2013-08-31,2013-08,148.0,2.0,74,533,12
django-money,56fe6946453b411ca65c6fc76da2ca516121ad52,2013-09-30,2013-09,102.0,2.04,50,372,9
django-money,98b77c8fe3446329dd02a0d438e09b2442e4b11b,2013-10-31,2013-10,106.0,2.0784313725490198,51,389,9
django-money,4d251d38fdb36cd10866260d3bf77fa5267ec807,2013-11-27,2013-11,168.0,1.9764705882352942,85,614,13
django-money,8aeca9ea10a27ec1784d5faaba3e4c93a0c597c1,2013-12-11,2013-12,157.0,1.8470588235294119,85,585,13
django-money,b41b46f4e1cba2bdc7b8033ab6d72cab87af59a5,2014-03-25,2014-03,169.0,1.9425287356321839,87,647,13
django-money,33313afa015513e1dcd36a48a5d7c7349c969b3c,2014-04-13,2014-04,164.0,1.9294117647058824,85,630,13
django-money,b52dcba8a77a2757fbfb399bdf0eb05a9955e7c7,2014-05-26,2014-05,169.0,1.9425287356321839,87,647,13
django-money,1e09181cc03c53a353df23f0ca131a13008fc405,2014-06-17,2014-06,181.0,1.946236559139785,93,676,13
django-money,9191577f43700d4a20ba9fa97666fffe4f6820bf,2014-07-29,2014-07,172.0,1.9545454545454546,88,655,13
django-money,0d7d45b74d1b16e4a7ff9a876924b750c96c52c3,2014-09-19,2014-09,176.0,1.9775280898876404,89,664,13
django-money,24212b769ca6957d631e5dce5551f3d6c89846eb,2014-10-25,2014-10,190.0,2.0,95,691,13
django-money,c9ceb7865de864164ea027b9bbacd8ca55dc38fb,2014-11-06,2014-11,196.0,2.020618556701031,97,707,13
django-money,97545e3b859e6225ffcd20ad81a59ceac6b7b828,2014-12-15,2014-12,190.0,2.0,95,691,13
django-money,c982ccb8f89d4eb69687eb2f02a2235a4cbfba95,2015-01-29,2015-01,198.0,2.0,99,717,13
django-money,f953a7398877c51e75a280b3438be32178cebff4,2015-02-11,2015-02,202.0,1.9803921568627452,102,740,13
django-money,e47f6b2049f1d3666486aa9f5de5b0fa2a03dacc,2015-03-24,2015-03,198.0,2.0,99,717,13
django-money,8d5501c306eaf89fe16f254e92a63be0e0dbe121,2015-04-22,2015-04,198.0,2.0,99,717,13
django-money,9358cadf7f38a88b095a5f938dd3821a755620eb,2015-05-22,2015-05,238.0,2.3106796116504853,103,862,15
django-money,bda2ba7294c25dd8830456837cc32d4a657e04cf,2015-06-13,2015-06,238.0,2.3106796116504853,103,862,15
django-money,6cbd4236ca77df6a7a83b4144ea8feaeb899776e,2015-08-31,2015-08,239.0,2.320388349514563,103,863,15
django-money,b4b4e09e9f33dab6615cd0dc92161fbd2f6de004,2015-09-20,2015-09,244.0,2.30188679245283,106,888,14
django-money,68eb1457fa067b3c9bc9cd46c726bfe3bdaeb1e5,2015-10-22,2015-10,263.0,2.457943925233645,107,941,14
django-money,ad3aa96a9a431ec712b9dadae70f2ab07b9933e7,2015-11-11,2015-11,267.0,2.4722222222222223,108,949,14
django-money,f5dceb38a83610bf1f74778273870a2a60205d23,2015-12-22,2015-12,267.0,2.4722222222222223,108,949,14
django-money,44878b26f05351a55ec97d2b437de48875ea6cee,2016-01-18,2016-01,211.0,3.246153846153846,65,563,8
django-money,3aa918846fe4f48896c24b47d36c4c509f62f998,2016-02-28,2016-02,234.0,3.1621621621621623,74,597,10
django-money,34d11dcbb5d1a318afda536da58bc5e4a4552ceb,2016-03-23,2016-03,233.0,3.1066666666666665,75,587,10
django-money,27a549e3833506285843910c0449d20a1584597a,2016-04-22,2016-04,233.0,3.1066666666666665,75,587,10
django-money,0a9e805af9056d4742442bf27ddcfeab345e2dcb,2016-06-09,2016-06,239.0,3.103896103896104,77,602,10
django-money,f4f36227348c8f060327c2b94141f436d0d33a6e,2016-07-31,2016-07,257.0,3.023529411764706,85,630,11
django-money,cb21f30ac539c06ddc797fae0b180da0b6a002ec,2016-08-03,2016-08,262.0,2.977272727272727,88,646,11
django-money,e56a68f8b26fa7c08c4847cf6e4f0136b2ebf251,2016-09-29,2016-09,263.0,2.9886363636363638,88,652,11
django-money,1d51ca1c2cfc32c145c14e5bb768c4e4f3ee836a,2016-10-28,2016-10,263.0,2.9886363636363638,88,652,11
django-money,e38bc8df7f4525af36e50a8aa3af4dfdb1438ec5,2016-11-20,2016-11,265.0,2.9775280898876404,89,659,11
django-money,7202a1b69b6b96af8ce0d102761d64765917997a,2016-12-27,2016-12,268.0,2.977777777777778,90,665,11
django-money,4f3f56178d0459eca47ee84d0da90ce6c8698942,2017-01-31,2017-01,270.0,3.0,90,669,11
django-money,6ecd720e014e2c1e0a070bd36d09462e0014863e,2017-02-25,2017-02,278.0,2.9574468085106385,94,690,11
django-money,544c709c495265c162533a72868675741e697583,2017-03-24,2017-03,279.0,3.0,93,697,12
django-money,05fdb465340c253a5f9bdc2bedee0e15d5a07e56,2017-04-06,2017-04,279.0,3.0,93,697,12
django-money,5371b0ac903477a6d6849eb247ca303404f64f46,2017-05-25,2017-05,234.0,2.925,80,594,12
django-money,9e190836796847c30ace3912a63eec7266e977e3,2017-06-30,2017-06,235.0,2.9375,80,597,12
django-money,fd1a19feca71b462af090d4fe730cb15d2d50483,2017-07-02,2017-07,285.0,2.766990291262136,103,747,21
django-money,8cf9e9143f27359238620ffdc083be81e14475f5,2017-08-11,2017-08,240.0,3.037974683544304,79,614,13
django-money,fab308d647989a6e38d52fa1fcbb6d2e305097f7,2017-09-22,2017-09,242.0,3.025,80,617,13
django-money,421fc4fa6a317e4f4f374e0f58fb6710322457e7,2017-10-29,2017-10,255.0,3.1097560975609757,82,649,14
django-money,d4bdfc2d1548132bda46b412619229811cacf15f,2017-11-20,2017-11,257.0,3.1341463414634148,82,654,14
django-money,35b7ede2179890e32ad644af8254a128ff81e234,2017-12-18,2017-12,256.0,3.1604938271604937,81,649,14
django-money,504fe08d29a3daace7bb2b087b3a515bcae566ea,2018-02-20,2018-02,256.0,3.1604938271604937,81,649,14
django-money,6521adf02d1cab67f91e705f9deb694a2846771d,2018-03-26,2018-03,256.0,3.1604938271604937,81,651,14
django-money,46efdd22e55468f7f33b7b1288b33b85a2cf7370,2018-04-16,2018-04,290.0,2.761904761904762,105,765,22
django-money,7862acf7ddcd1bb958e6fb61a5e17fe6af5c8319,2018-05-27,2018-05,291.0,2.7452830188679247,106,762,22
django-money,3e78792884401974190ba683b2d754ff51052921,2018-06-29,2018-06,302.0,2.7962962962962963,108,775,22
django-money,8ddbabdf78d685d729bdae6439cc395d2fee4a19,2018-07-23,2018-07,306.0,2.8073394495412844,109,781,22
django-money,8fef77c506d67bc95c107e34e98e254ac5fb0062,2018-08-14,2018-08,307.0,2.81651376146789,109,783,22
django-money,1b07b3b9a9e2d55cbd449cedd010ff23a9fd9d80,2018-12-23,2018-12,307.0,2.81651376146789,109,783,22
django-money,53c43dac03e07c76431d3bdc14e89ef7d4d8a76a,2019-01-10,2019-01,309.0,2.834862385321101,109,785,22
django-money,b6ef6b5a58217d707ecf733b6d067ca5596ffd31,2019-03-18,2019-03,312.0,2.8363636363636364,110,800,22
django-money,ce956d951b883c4b881d839c36d5a691eed6694e,2019-04-23,2019-04,314.0,2.8035714285714284,112,803,22
django-money,fea43efccd27c47c7f2380657fa2cfa90e266706,2019-05-30,2019-05,315.0,2.8125,112,831,22
django-money,ea47f1e1df28592b957d11d6a5a5a563c9ea9ead,2019-06-23,2019-06,315.0,2.8125,112,833,22
django-money,a8df3540a185fed2d4e42052d29ced23ff8530b5,2019-10-27,2019-10,301.0,2.787037037037037,108,793,22
django-money,48446a593d5874b2c3225714327562395f87479d,2019-09-23,2019-09,303.0,2.779816513761468,109,798,22
django-money,7cded5f7329154206a5e84604720b5654c6c3f83,2019-11-08,2019-11,301.0,2.787037037037037,108,793,22
django-money,e46109fb5f704ce6b55af7ee38a305e86d66c19a,2019-12-20,2019-12,301.0,2.787037037037037,108,793,22
django-money,eaa8df72a584f9a77c2b1020afb41de49ae11910,2020-02-14,2020-02,302.0,2.7962962962962963,108,793,22
django-money,ab4241f0d892f164cc14d8de9ee6722dcb8ba05a,2020-04-06,2020-04,302.0,2.7962962962962963,108,793,22
django-money,1a5c66437d642855f359af9be55a76427cb1a656,2020-06-18,2020-06,315.0,2.763157894736842,114,825,22
django-money,947add5090a564c93aa3a23a5ae35f4e2261e70d,2020-10-28,2020-10,307.0,2.765765765765766,111,811,22
django-money,e4436d4f72d4ce17930e61191047e71440230c92,2020-11-29,2020-11,315.0,2.763157894736842,114,825,22
django-money,63088dbd81ffda1af849b4d6ca0c28973dc2001f,2020-12-29,2020-12,313.0,2.745614035087719,114,825,22
django-money,852353fdd4cc4e09fdb57b9bdcc735806545200c,2021-01-10,2021-01,321.0,2.675,120,848,22
django-money,b97bd29883f70caf17306a7785405831cbfa59ff,2021-02-04,2021-02,321.0,2.675,120,848,22
django-money,13577e1bb0f25f7d54027a1bf0e50ff557597719,2021-04-26,2021-04,321.0,2.675,120,850,22
django-money,3398db4bf2fd138429e78ab1b2cc936ca24d6f8b,2021-05-27,2021-05,328.0,2.7333333333333334,120,866,22
django-money,b2acda356893c590f6446b507699a801f7e1ea72,2021-06-07,2021-06,328.0,2.7333333333333334,120,866,22
django-money,4999ac861d5511b6259f2a3244e7d2daaff9bd43,2021-07-09,2021-07,328.0,2.7333333333333334,120,866,22
django-money,2040eff83fef2d4a1d882c016ab2b5e0853d2f84,2021-09-23,2021-09,330.0,2.75,120,872,22
django-money,aca9a91729b12f1a456133890cd9c7c539382c40,2021-10-02,2021-10,319.0,2.7033898305084745,118,848,22
django-money,ee4e380748ca9cd4bde5f3766e348bc343b7900d,2021-12-27,2021-12,331.0,2.7583333333333333,120,877,22
django-money,cd3e9a1a93e34816a4eb8ba990fdea1afcc1030f,2022-01-13,2022-01,334.0,2.760330578512397,121,888,22
django-money,98ddb3d9452fd374fb05b8a78f95145a38167e59,2022-02-02,2022-02,334.0,2.760330578512397,121,888,22
django-money,4b0a664bc2c90785205c53f8e877447a32d26221,2022-03-08,2022-03,336.0,2.7768595041322315,121,900,22
django-money,08ce86e91166f426b70ecbaf1603e7d598edffbe,2022-04-10,2022-04,336.0,2.7768595041322315,121,900,22
django-money,7225daf857f673e6070dc6950f2bfcf82bd62622,2022-05-26,2022-05,319.0,2.7033898305084745,118,848,22
django-money,d392e81780b939991892ebab12e9275b9242ee4d,2022-06-20,2022-06,324.0,2.722689075630252,119,874,22
django-money,667342fe5b5cceb3c3cada063376be0168de442e,2022-07-11,2022-07,324.0,2.722689075630252,119,877,22
django-money,94f279562b252a0ce631d3929534a68f83e93711,2022-08-26,2022-08,324.0,2.722689075630252,119,877,22
django-money,e84e5060cefdc8438e63ace8dc4ed19a9b95e284,2022-09-27,2022-09,324.0,2.722689075630252,119,877,22
django-money,ecdabcaeaf2e6ff50a480bfeac9edbd46aee3dcc,2022-10-14,2022-10,324.0,2.722689075630252,119,877,22
django-money,d6122a60efbb6ed240d3fc157fdc10a06eff78c1,2023-01-06,2023-01,324.0,2.722689075630252,119,877,22
django-money,06c70ac52a401f7b9a2c355432a86ede6a80acbc,2023-02-22,2023-02,324.0,2.722689075630252,119,877,22
django-money,b57901730280a4b1cd78d89912fe797eb0a5efda,2023-03-04,2023-03,324.0,2.722689075630252,119,877,22
django-money,a09580cab782008643e844e94509482d2b3f66cc,2023-04-27,2023-04,324.0,2.722689075630252,119,880,22
django-money,f242c2dae22f8870fb3e253fa542a7cdd164ff26,2023-06-19,2023-06,324.0,2.722689075630252,119,880,22
django-money,aceac3ecc1f0202e0bc59cb712c8b11e00b422f7,2023-07-26,2023-07,324.0,2.722689075630252,119,880,22
django-money,9e3442ab3e6cc89c4662206c6c3f454ba4eca169,2023-09-30,2023-09,325.0,2.73109243697479,119,880,22
django-money,85bce4e19ba0a1c7f558c0c988cf76ed17b1be7f,2023-10-30,2023-10,325.0,2.73109243697479,119,880,22
django-money,0209456c8d0a625eac16b95c563a048a3c6b8538,2023-11-30,2023-11,325.0,2.73109243697479,119,880,22
django-money,7c9f97bc76fd1077e60eedefd6e682688c495b2d,2023-12-01,2023-12,325.0,2.73109243697479,119,880,22
django-money,23705759426c16da950b8391c2668e05a2732ab1,2024-03-13,2024-03,325.0,2.73109243697479,119,880,22
django-money,f41d2f0c878a617bc671aa544089b9ca9b5c3064,2024-05-26,2024-05,324.0,2.793103448275862,116,875,22
django-money,a7bb4a263e4396a444864865bc36cd54b6b0cc2d,2024-07-30,2024-07,326.0,2.810344827586207,116,881,22
django-money,835c1ab867d11137b964b94936692bea67a038ec,2024-08-01,2024-08,326.0,2.810344827586207,116,881,22
django-money,07a9329056424b4d7528fbdf95851a838d12430a,2025-04-27,2025-04,324.0,2.8421052631578947,114,877,21
django-money,048cf81c3ca4f52f02dc960ac49ce242f06455e8,2025-08-31,2025-08,327.0,2.8434782608695652,115,886,21
django-money,57f6d8ccb8a89476379656b1b7333e8195d2d767,2025-09-04,2025-09,337.0,2.8803418803418803,117,909,21
django-money,50907853300002336a2561edc5123cc2f601c8e1,2025-11-04,2025-11,337.0,2.8803418803418803,117,909,21
django-money,74eaa110bbfdc9da6cec216a2c8bc845d97b5d96,2025-12-02,2025-12,338.0,2.888888888888889,117,910,21
django-money,60d8862c1bad6f59e6b1a4aad58bab08b5dff5b1,2026-01-27,2026-01,338.0,2.888888888888889,117,910,21
django-money,ef1529ab35979ef0c21e232f8b60298ee87f5a44,2026-04-29,2026-04,338.0,2.888888888888889,117,910,21
django-money,a2ec3fd287d293e74a3ace9affd151f400c3db8a,2026-05-19,2026-05,341.0,2.865546218487395,119,919,22
django-money,b255e278870a24cf70b200787c5fa4c8081df465,2026-06-15,2026-06,341.0,2.865546218487395,119,919,22
