SHA,Author,Author_Date,complexity_raw,accumulative_raw
2c124b4a96b8b52d652cf786cdefb3aa4bef2e3a,Marc Heiduk,18/9/2023,1231.65,1231.65
c1b5012a2dcc36c4b44f8cdda1f443d70f63d2c8,Niels Drost,17/9/2023,1231.65,2463.3
662414b6f6c5f9b8891b7801ee6d27e4bd7f22d7,Niels Drost,12/8/2023,1227.05,3690.35
5bc1135923b86319fc2320fdb9d4f4b569d8d5a6,Niels Drost,11/8/2023,1223.6,4913.95
d2c3d221e41f809f8cdedb508512effff9d9e193,Niels Drost,9/8/2023,1223.6,6137.55
60dbaeb3929b37e4ff427feeeaeca2acd2720f7f,Niels Drost,5/8/2023,1231.65,7369.2
7123c1ffb5cd97bee224821bde10d26b8b4e4788,Niels Drost,23/7/2023,1223.6,8592.8
1ec1fccd5c99074824ad3e24c4d08859db285681,clockwiseq,10/7/2023,1223.6,9816.4
682324bc0749a316b36bdf07d498fbbc8c16bf05,Niels Drost,9/7/2023,1223.6,11040
45868e210c697783bd9c43729125a138bcd0dbc8,Niels Drost,8/7/2023,1222.45,12262.45
0310314957ef42295e337a867a87c6ef38fc9797,Kelvin de Reus,20/5/2023,1222.45,13484.9
ebf2929bffc268c66ee7e45806686ce5fc0620e8,naui95,12/3/2023,1222.45,14707.35
f1b1c5af4c7585ea8c9dc3b9acb5b0a0938dc073,VeRony,19/2/2023,1222.45,15929.8
bce1b2846f51b3c96438730a260fe6effff3bd59,Niels Drost,12/2/2023,1222.45,17152.25
67ede927c5cc4667317d8b2a54a474ca3f0ad0b2,VeRony,11/2/2023,1222.45,18374.7
9d28d1bd699117f1e0e01f763cd1c5d95666296b,dependabot[bot],4/2/2023,1216.7,19591.4
81468ef81ad69d05615e52add8dc6ef873c555ec,naui95,21/1/2023,1216.7,20808.1
212cfe1b11c5d641c96a9ff32a72b8d2c3e3bf03,vespino,17/1/2023,1216.7,22024.8
e5a5f707c8416d8c26cc679ab22a619b134d8d33,Mato Tominac,3/1/2023,1216.7,23241.5
1deead9c45090af2f1ae93b8ee8d010aa1d03b28,Marc Heiduk,21/12/2022,1216.7,24458.2
e17eafe6b1159dee8bcb799329e895921775a800,naui95,10/12/2022,1216.7,25674.9
6770909e17f8da3e35ac479a6aa882aa5e7b15ae,vespino,8/12/2022,1216.7,26891.6
599c655882fa3c439dba83ee3ec23d6bb3349fec,naui95,7/12/2022,1216.7,28108.3
6a75743edd872246d0e9b236a10a6d68f1fd5a44,naui95,3/12/2022,1213.25,29321.55
ced6c519fd4ae8ed5c727690089d164bd737503e,Niels Drost,1/12/2022,1213.25,30534.8
40367b8bd055e719a7d10e759d164bd46488f423,Niels Drost,30/11/2022,1213.25,31748.05
56a87244cf8bc68e4f14d8dd8f3af3fa9625f191,naui95,20/11/2022,1213.25,32961.3
5b27458d4b5aea7c4e0d8ecabf882882bbd1ed17,Niels Drost,12/11/2022,1213.25,34174.55
a8dfc73fb745ea2b9fdf615609694703d55b8763,Niels Drost,30/10/2022,1213.25,35387.8
f07ad5f3230b308bc85145b466e49e32458c869c,naui95,29/10/2022,1213.25,36601.05
10d2888a273284c1a5c801150af835602a2678f1,Niels Drost,16/10/2022,1214.4,37815.45
2614ac117ba01c6a917ddef6cfc8503ffd723822,Ordissimo,15/10/2022,1206.35,39021.8
cc57930404467841fdac80c76f525a48d5f11df5,naui95,1/10/2022,1202.9,40224.7
7402b3761614d2cdd09836022b195e247922d509,vtq,8/8/2022,1212.1,41436.8
821f872ecc2d18b292b47eade7c9f9c0b9e50eb8,vtq,2/8/2022,1210.95,42647.75
c2fccecb2de0bce7d4885bfd6f16fed72311f4c0,vtq,26/7/2022,1207.5,43855.25
07145ae34d2aa3f92fb2b030613749abe0f89215,vtq,25/7/2022,1202.9,45058.15
2f6695dfd3f60424aebfbfbe991e3aa460c0245b,Niels Drost,17/7/2022,1202.9,46261.05
e1f51ca2d73e2832209c94f10f2b36c91fd71062,Niels Drost,10/7/2022,1187.95,47449
20b56df8e339ecb6184c5e295110233fd8897e9e,naui95,11/6/2022,1187.95,48636.95
d371524bf06fd53878edc2c297062d1df2abccf4,giacy86,25/4/2022,1187.95,49824.9
a7edf371c9e04cc5ed1c5ea87476c40205e681ec,Niels Drost,18/4/2022,1187.95,51012.85
4f74248717028b45040b4f9eaa43b23beeca4966,Marc Ole Bulling,17/4/2022,1187.95,52200.8
b12486540b4603b6c21010e6a813bad9581e0136,UnderDogg,8/4/2022,1187.95,53388.75
a42868cadc3450db30b2d5ec1d2b178ec6dbfe9a,Tri Nguyen,7/4/2022,1187.95,54576.7
4d837149a1c2b59e0e3896871883e078b6898b57,Tri Nguyen,10/3/2022,1187.95,55764.65
8967c9e69cd1f5b23098594ff70135204511cb93,Coenraad Loubser,22/1/2022,1187.95,56952.6
c9cd7d90f79a0cc370e65bfdaa96be0748eeb36e,Pim van Pelt,4/1/2022,1187.95,58140.55
0eb5ad59926ef921d10b1f507b0d7c411863bec8,Niels Drost,2/1/2022,1187.95,59328.5
a840222b3f14b3d836655f2cb7cf777e780cc973,Pim van Pelt,31/12/2021,1187.95,60516.45
b187b5fd64ae4b5825022eb961974d34f65d86ca,root,25/12/2021,1187.95,61704.4
6508e0d01bf894c9af621f1eb5287f6dcc81548e,Niels Drost,23/12/2021,1187.95,62892.35
5f2337fb598d326cfbedc52ba54fb4045594c311,naui95,10/10/2021,1187.95,64080.3
43c6ed724ddc38d4a561b6c80df1ed8bf9bf84b2,giacy86,2/10/2021,1187.95,65268.25
ebbf7e437a1d3b1bd357c22c90054a2a581ff4f7,clockwiseq,16/8/2021,1187.95,66456.2
5db67d65ccaaec661885bd029b1e516bf3ca6c2a,Your Name,14/8/2021,1187.95,67644.15
8de1b28a2296ac8aea2c759d6d1723ca6ef54184,Ziding Zhang,11/8/2021,1187.95,68832.1
4b718b547acf24d988f553fb6baf7f3e5931366d,Nathan Mattes,18/6/2021,1187.95,70020.05
d9de5c6dc166e16daa4185fb97524a5b06755931,Nathan Mattes,13/6/2021,1187.95,71208
b33ecbcf72622175f6e4b02381534cfabc28475a,UnderDog,23/1/2021,1187.95,72395.95
fc5e17dc91ebb459117c3fc9a72988f0526b8fc1,Markus Mann,15/1/2021,1216.7,73612.65
3bb27214078e1bbaccfd92abceb69621b7f6d641,Peer Uhlmann,25/7/2020,1187.95,74800.6
7f9a6aca73ae72d04f9ffb86b3782d8b33906ca1,Peer Uhlmann,15/6/2020,1187.95,75988.55
33644626a3c31de97df11d54b46ceb3d5319f22e,MartinH0,9/6/2020,1187.95,77176.5
85efad9544b8c7c76a9e02aae81a4f57cc833ec1,MartinH0,30/4/2020,1187.95,78364.45
da2ff1cb1f82341d61e08888602807f30995350f,MartinH0,17/4/2020,1187.95,79552.4
d47e7766ca374ffb3005591b5e63fe4abb96aa24,MartinH0,11/4/2020,1187.95,80740.35
7461ae02896f1c9169803e8151896a5fcd166f0a,MartinH0,28/1/2020,1187.95,81928.3
a4d30d4febb49e29b7e9023c3158f63e9f7acc0c,MartinH0,21/1/2020,1187.95,83116.25
9634fa8d81cbe585191050bc54cbf6648c636ac0,MartinH0,20/1/2020,1187.95,84304.2
db242113388cc1f18331ca135e1438a90da30af9,MartinH0,14/1/2020,1187.95,85492.15
2790f3df93e1faac267d8413ceb6b627bcf2b56c,MartinH0,12/1/2020,1187.95,86680.1
f91c924ff5ae561ff635ce5ccec7edd6ede42ca7,luca,6/1/2020,1187.95,87868.05
7739e3e7a1191790ecd9853b6a7a30869634ddfb,MartinH0,1/1/2020,1187.95,89056
475a435d65cf9c2d73156b42bc74123967314018,Niels Drost,31/12/2019,1187.95,90243.95
5fbfebc269cfbd9db99092caf70bafbbb83448fc,Niels Drost,30/12/2019,1187.95,91431.9
61e0bd412d9fbd089eae26bdb1c6d9d3788fd3b3,Severenth,8/2/2019,1186.8,92618.7
b03e151a5c9e34c0a376d86833c1f56d0c00f342,Kovah,20/10/2018,1186.8,93805.5
25cc633b35e7d53ba6cc8071e179c473e0aec8c1,Kovah,19/10/2018,1185.65,94991.15
a0bfd6f4f8c98e54d561fc39068020d232bbad04,miquel-cabanas,18/10/2018,1185.65,96176.8
097baee6b8c0a7e8f4f310d2d16d8fd9c5defd15,miquel-cabanas,13/10/2018,1185.65,97362.45
c3d68a41977aea904705051b1eeb3e6788b1d121,miquel-cabanas,12/10/2018,1186.8,98549.25
1f5861068873fe816584876093ab711d3b86e5be,Philipp Piwo,11/10/2018,1184.5,99733.75
9121731926ff924251a04105415bf109dfe144ef,miquel-cabanas,8/10/2018,1186.8,100920.55
40e65f04ae60a9d5a816e2f4ac343b2fc7239dfe,Kovah,7/10/2018,1185.65,102106.2
d437440e82c1c11bac3474ca77506e5cfc5c6938,miquel-cabanas,6/10/2018,1185.65,103291.85
c5142f1f5d3ade234e7428cccf093378dade610d,Kovah,5/10/2018,1185.65,104477.5
ade1eef93be8d31a86a5fba827ab4d5d371ea06c,miquel-cabanas,4/10/2018,1185.65,105663.15
9e6988a854e09e4bafaaea5caf77e752d79f3942,Kovah,3/10/2018,1184.5,106847.65
15239b439747ba56b4d15b54b51ca1ae37ee9d89,miquel-cabanas,30/9/2018,1184.5,108032.15
f644e220b5bebc62dfe1f2c05915f20f10e5e23c,Kovah,23/9/2018,1184.5,109216.65
13539b5a758bb43cb7cfebf5e2b9459e31d752ec,miquel-cabanas,22/9/2018,1184.5,110401.15
be9b4f417e78aa349a2f7b7f337d800f03104ff5,miquel-cabanas,17/9/2018,1184.5,111585.65
585677e7d3f7af5d1bef66bbe7afc500817e5ef7,miquel-cabanas,16/9/2018,1184.5,112770.15
79042e62e3c325ecffaca152c59b5662c4c1d4be,Kovah,30/8/2018,1184.5,113954.65
6c4a2b37c3c4c15e17cd49842b19a68acc2cbd04,miquel-cabanas,29/8/2018,1184.5,115139.15
93d17b39e94f1679abf95633339981db029d01f8,miquel-cabanas,28/8/2018,1184.5,116323.65
773409c66f83ffb6981a862308e6413abee6a361,miquel-cabanas,25/8/2018,1184.5,117508.15
c79acfd5f0f123b7036cca3161cc421a976c2f83,Kovah,22/8/2018,1184.5,118692.65
7f0528f49c934d4187a73b6010bd5725e741a96e,Kovah,21/8/2018,1184.5,119877.15
9f96de680fd38a3a8163497ce8ffc3844b7068c5,Kovah,19/8/2018,1184.5,121061.65
d6db688399333154cdf005c50a80b20a3a722d79,Kovah,17/8/2018,1184.5,122246.15
a4bd74186f2fdfa7383855554aed61f7a703f8be,Kovah,16/8/2018,1184.5,123430.65
4fa7876cecdcaa1f775774cf397f99a55e8e157b,miquel-cabanas,15/8/2018,1184.5,124615.15
9d13cca6a4c2168c78adcb7dcd39321e5c1f4949,miquel-cabanas,14/8/2018,1184.5,125799.65
a133322f6968f30af03fe9944be26a9a80a7c8ab,miquel-cabanas,12/8/2018,1184.5,126984.15
f2ba9765a18e934654ae407868ae5b7dd0eae0a5,Kovah,10/8/2018,1184.5,128168.65
ac1c6b70daf7d342a86935634b9270e4fab2bfc5,Kovah,6/8/2018,1184.5,129353.15
571e3ff4b90719f125ae57ad425c96aa4201084e,miquel-cabanas,5/8/2018,1184.5,130537.65
29a7b097af159cb4468f6b259397d79ae25759ed,miquel-cabanas,29/7/2018,1184.5,131722.15
dca4c28bbe541197e2691a0580f34023d474cfb8,Kovah,13/5/2018,1184.5,132906.65
5111c62667dd450f3a62b8c220c69db962648d3e,Kovah,24/4/2018,1184.5,134091.15
54b8f46354db53e5378066fde8ff51f6711b40ae,Maxime GRIMLER,23/4/2018,1184.5,135275.65
ea59c67e6bc94f43dd145ecce818cc4c9f2396ce,Kovah,8/4/2018,1182.2,136457.85
88430e0d9c612ccdb693d742105dcd078510b3f5,Kovah,3/4/2018,1182.2,137640.05
a258d9f44dde6a8eec16be793dd5ad84472b18ae,Jonathan Rich,14/3/2018,1182.2,138822.25
d622da625b545e114171c268e2909d025de98ae4,Kovah,4/3/2018,1179.9,140002.15
3d5dce7ded2b7666e64f467416d9fb979479df81,Kovah,19/2/2018,1179.9,141182.05
b1511e7aba7e9b2c4624cc34189e626d6545794b,Kovah,18/2/2018,1179.9,142361.95
5a7a43f6c076146128a00df6760341fa09ad428d,Kovah,16/2/2018,1170.78,143532.73
dede114bea0d14f6d38086233088bbaaba398e6a,Kovah,14/2/2018,1170.78,144703.51
169f4d5e37cf2efea2b7bf55fc979fdacf594457,Maxime GRIMLER,13/2/2018,1170.78,145874.29
bdf561ac35b4953232543734887d9c2d2db8f3d6,Kovah,11/2/2018,1170.78,147045.07
c9da8857b3e782e33887bfae97598ed19c01eacb,Kovah,9/2/2018,1170.78,148215.85
26195f367ff6ef5145b6e6121e209dac45e921db,Cornelius Kölbel,8/2/2018,1171.92,149387.77
32776e496de476178c8ec97c51074b77225d8314,Kovah,4/2/2018,1169.64,150557.41
5913a7d24f7b12a16c1c7fd1367e0631dce7a030,Kovah,28/1/2018,1160.52,151717.93
d0a9023119fb7a927a6baf7e54d96bbdb51a462a,jakob,22/1/2018,1160.52,152878.45
e0549c660ddcb7044f7b828ee44ec711bf0f63f3,portapipe,19/1/2018,1160.52,154038.97
53b9d7635d9597fffad5fdbf466aa3ef890b37a9,Maxime GRIMLER,28/11/2017,1160.52,155199.49
787bd63de03809e06d9924a3e90e0cc7a56be76a,Maxime GRIMLER,21/11/2017,1160.52,156360.01
8b232600083c6d86d9f664322188ba4ba6b134cf,Maxime GRIMLER,20/11/2017,1160.52,157520.53
a6f9bead31f26368c18a82022d08500f5c880d5b,Maxime Grimler,13/11/2017,1166.22,158686.75
21ae9593122789d6362adbfb1b47c39c1e019305,Maxime GRIMLER,12/11/2017,1160.52,159847.27
dc851bd80bc74fa06d363d13fe14f06a481fa9d4,Maxime GRIMLER,11/11/2017,1160.52,161007.79
8a502c939596adadee2ddfee1b35144f332faec3,John Mclaren,6/11/2017,1160.52,162168.31
814d69e725f75678400b829c02c8e8418f33498f,Dave,2/11/2017,1160.52,163328.83
8611f3265c75f68c8c09f0ca66eb6eaa9bd76aa4,Kovah,29/10/2017,1160.52,164489.35
5deec23fa42c699332f09143eefb4431208a0a36,Kovah,26/10/2017,1160.52,165649.87
d3111fa18618c1001069d58594195b87a9f32402,John Mclaren,23/10/2017,1160.52,166810.39
032c3cf4f46b21b81f1f8a94003d7ba9b677c6c6,Jean-Christophe Hoelt,18/10/2017,1154.82,167965.21
3fc256ccef403f5be9982f02ef340d9e01daabb2,Kovah,25/9/2017,1160.52,169125.73
adbf10815120e3ce716a37b2e9a99ad3a181abcc,Kovah,21/9/2017,1160.52,170286.25
f374f5644ac899d70f5cc3df819126c87fadb7ee,Daniel Fernández,20/9/2017,1160.52,171446.77
a3492c752a961675900618753fe20321210a5cd2,Patrice Guillemette,19/9/2017,1154.82,172601.59
861c1b976f247594140b975d4063f59ac8a4dc18,Kovah,3/9/2017,1152.54,173754.13
9d3de7f511c2db177689e17679e6e11358cc9f85,Kovah,29/8/2017,1145.7,174899.83
ff7d6dc8f7431a6d305119c1d656baa7de098805,Kovah,28/8/2017,1145.7,176045.53
f451c6559353ee20d405346735869eae94720029,Kovah,22/8/2017,1145.7,177191.23
6bc59533005e453bc78a9cf250d9d5e7e11745b5,musapinar,2/8/2017,1145.7,178336.93
84f0805969aa64754d106d6d6b76a8098e5a61da,musapinar,25/7/2017,1143.42,179480.35
095df0e30a38e8c3782c4997c50efd11174274f5,Kovah,24/7/2017,1143.42,180623.77
2627919183bd787454b8cbc586129117f0bc3b85,musapinar,21/7/2017,1141.14,181764.91
7ce3d3d2524204b902374c085c02f7b5ec856c81,musapinar,18/7/2017,1140,182904.91
4655eaf3cc6640a9a0b3e5c7563e0590a845ec69,Kovah,17/7/2017,1140,184044.91
65bf45b1fe7af61d61772f359a588c66e678f540,musapinar,16/7/2017,1140,185184.91
16d497fcb50cb5ee094a3327f42b1abd4913c131,musapinar,15/7/2017,1140,186324.91
42e3fc58ffb177d03cf2ac36fd3f4e086148c154,musapinar,14/7/2017,1140,187464.91
88725120f04bf63bd9cc3b1954b1d54c7f5ee7d6,musapinar,13/7/2017,1140,188604.91
5d1845b9479c0de25d61ab066157c4dd26eac5c7,Kovah,12/7/2017,1140,189744.91
36e07b47833f50a30e940963d32ac93e962c59f9,Kovah,11/7/2017,1140,190884.91
6c7e9d123dd17cdab7bb1ec80501157ca513882d,musapinar,10/7/2017,1140,192024.91
077b9bdc516307acc5b96726843a3f68a7813a48,Denys Vitali,3/7/2017,1137.72,193162.63
f5053e94ac366a1805eece51813eafabee467ad1,Kovah,29/6/2017,1138.86,194301.49
42e5e1eed0d22733ff30dfb64b30f270aec9d2f1,YeyDev,28/6/2017,1138.86,195440.35
ca8e88b749b9d04c8eb4c4f4d02447e09ef43f03,Tobias Hüske,27/6/2017,1138.86,196579.21
a1a7af69fca77d7a97b415fc0bf4bc793fc6461f,Corey Sewell,26/6/2017,1138.86,197718.07
126f33f2473bcfda8778bb264827968412a40ae1,musapinar,22/6/2017,1140,198858.07
f345ac7cff429548080fde7fd703c8385438f941,Kovah,21/6/2017,1138.86,199996.93
bb162c726c46fb0f609b8513bad60f18fa2293f2,musapinar,17/6/2017,1140,201136.93
f648f78b90d19bca47e80219f17070071f2164f5,musapinar,15/6/2017,1138.86,202275.79
4d589b503059bfb3eac83da38025c3302f0add81,musapinar,14/6/2017,1137.72,203413.51
d8ec3e7f519f6dbb92909578ea68f5433da892de,Kovah,11/6/2017,1135.44,204548.95
deb1b55e13d632cc985ad9a59573ebfcd79a2d1f,Kovah,28/5/2017,1134.3,205683.25
1e00b1c5e347b7549b4a17611f09942437a15aec,Kovah,27/5/2017,1134.3,206817.55
8ba16bf86d095cb463d7dcc21c4857410f909a5a,Kovah,7/5/2017,1134.3,207951.85
5665c53831c1931cde13554c110ca9b8c4532638,Kovah,2/5/2017,1130.88,209082.73
fd103fcc70b1ce9ca46af478e46a87f6412b54cc,martijnb92,1/5/2017,1130.88,210213.61
6e4fb4f5d8422b0f1621c2f39ce272e796411d1e,Kovah,30/4/2017,1130.88,211344.49
84c140807664ccd64fd67c421ecb5700eb5f59a1,Kovah,28/4/2017,1135.05,212479.54
3b97920aeef4e5edba1a234e7b73cd6bcb35a0cc,Kovah,26/4/2017,1132.75,213612.29
01c3d96f38539a5f184c48a894dffcea9d219fa2,Kovah,24/4/2017,1132.75,214745.04
841a9e392f50511e0657dbfecc5b630f6d4b056b,Kovah,23/4/2017,1135.05,215880.09
11b5c7fb975fff1e7370c967ec136dd3a535aabe,Kovah,22/4/2017,1135.05,217015.14
2fef1bae968d9d3442113c1cdf865bf9dc8a2930,Kovah,20/4/2017,1129.3,218144.44
506304f12f446194e2e728d00458b1711d71b19d,Kovah,18/4/2017,1129.3,219273.74
1d14678e2a19e1379a76284899117d8be8b6e3bd,Kovah,17/4/2017,1129.3,220403.04
13f0c9a8d6c55e25621f42adfdb0e88c1db42639,Kovah,13/4/2017,1127,221530.04
3b1e159af1d4d8cf751d2c97863b30f2e6c09f52,Kovah,12/4/2017,1124.7,222654.74
1d948e6a3cd4015b2f533ee0fa71321446618b1a,Kovah,11/4/2017,1124.7,223779.44
4d8143db9d4ae26e94b7d97b1184e62b2e124ba4,Kovah,7/4/2017,1113.78,224893.22
4839c51a3637e810e685366d066d7fc143b0e87a,Kovah,6/4/2017,1113.78,226007
08c881bc6e8866b67d840054b5336c8a3b1e719f,Kovah,4/4/2017,1113.78,227120.78
232579650cdcacba3feb9c675dcfe61c3e69523e,Kovah,3/4/2017,1112.64,228233.42
b21999cd7b1e2c5b9a8f5b3caf02a7a8302387c3,Kovah,1/4/2017,1111.5,229344.92
ab7920e6e064b5e7fe0b4b74d89ed42ff6f157d3,Kovah,31/3/2017,1111.5,230456.42
a0b97c3c467dfd790670f1cf9bdab3c2e04c8346,Kovah,30/3/2017,1111.5,231567.92
361c60676f8a5e22d1b95e6cd98604161002ad1f,Kovah,29/3/2017,1106.94,232674.86
906d6d05d848edd2f7145c2582d3e4c0f5ceda4b,Kovah,27/3/2017,1106.94,233781.8
b64f2285c63820381f0bf52cd2b3636eeb95b8e8,Kovah,24/3/2017,1105.8,234887.6
53c8852c51e51675bf65a775e94e20176bdd4248,Kovah,22/3/2017,1103.52,235991.12
4449320dc7b5db418df538f093157b6696c8e957,Kovah,21/3/2017,1183.2,237174.32
e78ed29052ec8a50787933f958973adbc86da3a9,Nicolas Bettag,20/3/2017,1162.8,238337.12
fb108adb6b8ebcf3a73c5f79365bf9a59b21f4e1,Nicolas Bettag,19/3/2017,1162.8,239499.92
ac48c6122b76d4d2847c400a3060611fb52e8eab,Kovah,18/3/2017,1070.46,240570.38
bd7df24296ebae8407d3136b515095a2439629da,Kovah,17/3/2017,1161.6,241731.98
5e29fe10543930eaf86438c043f2365c892def59,Denys Vitali,16/3/2017,1174.8,242906.78
1e6389abedddb2692db4331ea17519d9644dbcf0,Kovah,15/3/2017,1161.6,244068.38
9e77d98e24081b990af9d9c6a9c477a01ba4ef6b,Kovah,14/3/2017,1161.6,245229.98
eb84adb40b0ca21ea8f3730e5815a88fc99cc4d5,Kovah,13/3/2017,1160.4,246390.38
d2f43f100a80d004fcaecfc5cd842af9c39d143e,Denys Vitali,12/3/2017,1160.4,247550.78
63a91b0fd844b4819bd7012bfe1edfc26b482093,Kovah,11/3/2017,1160.4,248711.18
f1d794b21cb664bf9a4e67af010ed75a47f94825,Kovah,10/3/2017,1160.4,249871.58
ec49f580be04ef5cfd3bee2d4229313557322a63,Denys Vitali,9/3/2017,1160.4,251031.98
087fef31dde6575589319b8421301dacb085c9a8,Kovah,8/3/2017,1160.25,252192.23
0b31bbe762f4bdd35090156c8aa1ab2f69fa75da,Kovah,7/3/2017,1138.7,253330.93
be176e9d0d7cb40ae730c7f0692696f191162e07,Denys Vitali,6/3/2017,1139.88,254470.81
a354f356f187bad9e7b022b26440aa9a652d7f85,Denys Vitali,5/3/2017,1137.52,255608.33
7fed49333ec43ab593e8dc268537320f4f388675,Denys Vitali,4/3/2017,1123.2,256731.53
f556a7d7c16ab993e25a65ea06af9a504a6c466f,Denys Vitali,3/3/2017,1112.67,257844.2
95eef9a5a6d0e1612833e1433b44cbd9615fffdd,Denys Vitali,2/3/2017,1109.16,258953.36
4e869572b151e5810ab9f37d62defaf7c933b8bb,Denys Vitali,1/3/2017,1109.16,260062.52
48c82b3f323bbb7f3c21a90bbc6870ebc0df3b4b,Denys Vitali,28/2/2017,1104.48,261167
ea6f0ec894e77cfe7ade4d40af33edde1d17f3c7,Stathis,23/2/2017,1118.52,262285.52
c8e8a6ad2f918d45370f018324f92ce7550d08cf,Denys Vitali,22/2/2017,1099.68,263385.2
0679649168ca8f255d07d279c0006a55487eaac3,Kovah,20/2/2017,1118.52,264503.72
5d4b3a34b402ea0bc8bde8e7e50ff666181595a7,Denys Vitali,18/2/2017,1099.68,265603.4
e7596858a1f5058056680b3023c443cfbe0bd5f8,Denys Vitali,17/2/2017,1098.52,266701.92
930f7ee153c0c290d6a1fe336502f1030a96f405,Denys Vitali,16/2/2017,1092.72,267794.64
4817fc7330942f699485f58aa0283258e66529ac,Denys Vitali,15/2/2017,1100.75,268895.39
dcd60babf8c911d2e2022d2c3aa34840f7f36bb3,timacdonald,14/2/2017,1084.45,269979.84
1c408e6376b70cb1f6d94d954f26e4ca1fc5f2ec,Kovah,13/2/2017,1084.45,271064.29
82d2adc75dbfc4d84d798c8adb3a8386d42938c2,Tim MacDonald,12/2/2017,1095.04,272159.33
1c37258dca60b403c729c315e6b3722e7faf1413,Denys Vitali,10/2/2017,1095.99,273255.32
392c157a60ddfa623a84ea390848eae9dd9a96c7,Kovah,9/2/2017,1100.75,274356.07
b93a1c0d2842a55a53d9429442700f1d2f7c5d46,Denys Vitali,8/2/2017,1084.42,275440.49
a01990b848f4a39d567b997a42ecff89fa553df4,Denys Vitali,7/2/2017,1079.7,276520.19
564919f26778bf4b589ef1e201e776afd649b968,Denys Vitali,6/2/2017,1059.64,277579.83
492e39e4834ca561a646817100d488d9848a5fd7,Denys Vitali,4/2/2017,1028.43,278608.26
9aa606e7ba725108134fc9a7fc10b4e9bc9c14c7,Kovah,3/2/2017,1010.85,279619.11
b2a8cb7968553147a391d89057a6af8a8b69fd34,Kovah,2/2/2017,1005.72,280624.83
70f1bbb4613b51248b004dd6c5214a8f3fa5c738,Denys Vitali,31/1/2017,1008.9,281633.73
f69dff531e132a53717e0461a76240f669d0dd26,Cornelius Kölbel,30/1/2017,1002.24,282635.97
79ac5ff4b907dec0c56bc58accbf1dfd27898cd2,Cornelius Kölbel,29/1/2017,984.96,283620.93
7f039da9d9b74fd401ce95d59995c8d5cd118915,Kovah,12/12/2016,986.1,284607.03
f89eb3a275d9086a537830d8d6225d224113b729,Kovah,11/12/2016,986.1,285593.13
026042d2e4b71e376d30c04464a341b45acdd59e,Kovah,10/12/2016,984.96,286578.09
6c82c0d57177eed9cfcbb4de9b55675ec4738328,pumpi,26/11/2016,984.96,287563.05
4d1ff24779983c0fcee44d5d16b52832aabb3ec5,Kovah,12/11/2016,984.96,288548.01
b8d47d734166ace45e532ae4cc894264166f2f5a,Kovah,31/10/2016,982.68,289530.69
e26255461a90674cb706482395449f2a684bd925,Kovah,30/10/2016,982.68,290513.37
bd28c4aef117cd655202d306dd37626ed9d6a708,Kovah,29/10/2016,982.68,291496.05
da2918a2b26e21ec51e5f71c2138db01861523f7,Kovah,25/10/2016,982.68,292478.73
ec5136750cc80cc65c474c3b80cebabf99a7e850,Kovah,5/10/2016,14946.6,307425.33
d234c2f2ea4639d429f69444790a188256618e5c,Kovah,29/9/2016,14946.6,322371.93
58805108958c9e204fbd2f2c071b1b21105e2ebf,Kovah,28/9/2016,14946.6,337318.53
885f9434c44cda4b7b10b495dbffbf35e9b01684,gmbs,26/9/2016,14946.6,352265.13
efe78310082ea30d3bb1123ca514e136cbb8e601,Ryan Dwyer,18/9/2016,14946.6,367211.73
6724ac8fd8cf6b7b55d694f6fbfadffc29574be4,Alex Gleason,4/9/2016,14946.6,382158.33
342da6a385f2368fac2631b335bf7d931bc4567b,Didrik Frimann Barroso Koren-e,6/8/2016,14946.6,397104.93
162fe2901c16446c3572f7c908ffed204d92c1d9,info@suther.de,5/8/2016,14946.6,412051.53
73fb9a5d05d61c806a00f950fd74342f428d2293,Didrik Frimann Barroso Koren-e,4/8/2016,14946.6,426998.13
797a519863b669b7a834f4dfb304bb03cd87bc80,Kovah,1/8/2016,14946.6,441944.73
4070f11d59428a2d881a68f8efe48dd0ee47e6d8,Kovah,30/7/2016,14946.6,456891.33
f0e1605ed9c6805aa024e95cae788e7ca5583ad7,Kovah,29/7/2016,14946.6,471837.93
92e41e943b7f06aebebccf6f4b02e4314c94daa1,Kovah,9/7/2016,14946.6,486784.53
605a377d3021a48e80669a1cd4edb2ef08f484b1,Kovah,27/6/2016,14946.6,501731.13
37506874457459fed0a39dd897209ab244549d08,Kovah,26/6/2016,14946.6,516677.73
e463ebdbec3e43bc550179d517413c8bd025494f,Kovah,24/6/2016,14946.6,531624.33
dd9267e7a6fec3dd756e0b667a60c6faa87759ce,Kovah,23/6/2016,14946.6,546570.93
6e2b9114128343ed6d839bdcdcd4b6d00175928e,Kovah,22/6/2016,14943.7,561514.63
db484031f9136c30d1417d2ee882a364d51959ab,Kovah,20/6/2016,14940.8,576455.43
f2ea191312732483f0303437e21ca1fc0937c5fe,Kovah,19/6/2016,14948.05,591403.48
ed2ac32e0329fdba8d468905382ca24949e51852,Sascha-R,14/6/2016,14946.6,606350.08
9f3e8997f67c1617a10d1611e50021084bd3bd16,Kovah,8/6/2016,14946.6,621296.68
6746fd903eff18e4497f146d2d21e6da3c0a29fa,Kovah,7/6/2016,14932.1,636228.78
a43551c05691753b00caf63f14335e1fbfe95058,Kovah,26/5/2016,14930.65,651159.43
5ce8840072721e828b55c44aff68215263e088c5,Chab,12/5/2016,14930.65,666090.08
f380d2002a26d24077d12430792a4978022ecda8,Kovah,11/5/2016,14912.64,681002.72
d7b38f85107bdfc1d406a45f50cf1ba41a5cfb07,Kovah,10/5/2016,14912.64,695915.36
1d6795e85485fb1ba4226ac0a18b6b8f9cd4ed60,Kovah,9/5/2016,14892.48,710807.84
e64f6a5481e3fae05eee00e8c7a524eb0bee565a,Chab,8/5/2016,14921.28,725729.12
50c8ddbe4e84eb25c2b83ce278e902a67eac45c7,Chab,6/5/2016,14912.64,740641.76
7e7188b9d50bf189faf4fa9356c52e9bed1881d6,Chris De David,24/3/2016,14895.36,755537.12
58722006753cb57304cd8409c87a064ec978a510,Leman Kwok,23/3/2016,14895.36,770432.48
c1fa1891730e22606ed249c3f3ed8e919bc54dea,Kovah,6/2/2016,14891.04,785323.52
9280f3d33fd35f83dd788aa96be1f4e0660f862f,Kovah,3/2/2016,14891.04,800214.56
56422bd863b68d220c4f087330280a0e18889135,Kovah,2/2/2016,14885.28,815099.84
5c06762800d8985b31390aa0934df930b7df81d3,Fabian Vogler,1/2/2016,14885.28,829985.12
d63d75af2e2cfcdf5d061ee621fa276aed7e9942,Kovah,30/1/2016,14885.28,844870.4
de08ee0b4bd00e21a5a32e74b14fd1a1213967e0,Kovah,29/1/2016,14885.28,859755.68
01fb4da709fea69ebf1b93a76611534356ed04f8,Massimiliano Losego,9/1/2016,14899.68,874655.36
7fc6acdb452d87d33975586f22b674c934d332f8,Raymond,22/12/2015,14902.56,889557.92
559a4cbd4a72f79b285c8fbebceb4284277e0e27,Kovah,17/12/2015,14880.96,904438.88
a81387e94b75ee384d1033ae7ad5c79b6b4a5fba,Kovah,13/12/2015,14880.96,919319.84
a197ea70074f320ee6f44472a489de7a7085c790,Kovah,26/11/2015,14880.96,934200.8
7186146b74287cca9a22c9b869b8857448ade190,Kovah,24/11/2015,14702.68,948903.48
f787e7ffabbd41c66f061024addc2e26bf179103,Kovah,16/11/2015,1171.28,950074.76
6e8541949c2a5f5ac194ec8e411bc0ec3ce4918a,Kovah,30/10/2015,14702.68,964777.44
4cf0d75ffb7131009eebee95edb32b5840810cd3,Kovah,27/10/2015,14702.68,979480.12
57a5a05b4904d08eff5b1d6869233689fb5d9f5c,Kovah,26/10/2015,1168.86,980648.98
859e9e2d0b034eb16cbe9d7e9e1ab884d316ead2,Michal Jaskurzynski,25/10/2015,14701.26,995350.24
eeac716b65ba24a55f0d4c8870fa40faceca09d3,Michal Jaskurzynski,18/10/2015,14701.26,1010051.5
f756909597b1458196b0b8908919f5b6485d1a54,Kovah,9/10/2015,14701.26,1024752.76
c69c6c63d750f4e1a049120880a345eb6bf50ae7,Kovah,11/9/2015,14701.26,1039454.02
9400a734eaf7c434ef515ae2fbadffe1f73eb184,flai,7/9/2015,1155.49,1040609.51
511520025caef93d844a5bf323dba13da4a8beaa,WebNinjrDesign,5/9/2015,14701.26,1055310.77
41a5f2097f97291bf43edfd86125bd867499fb36,WebNinjrDesign,31/8/2015,14695.02,1070005.79
7866eebf0e90eccfd408837eaaf23a83597a6a2a,WebNinjrDesign,30/8/2015,14695.02,1084700.81
f9121a429aa228d8931e7c191405cb8e422f7079,Tim MacDonald,28/8/2015,14695.02,1099395.83
100e8b05a74c2a78cd7fc9382c02532aa880e77e,pauluZ,21/8/2015,14695.02,1114090.85
25771d1f93048df8be2e123de32733f2010d9452,pauluZ,12/8/2015,14695.02,1128785.87
1edf1956634d5895fe89b8b6d2a8860788835de9,Irimia,10/8/2015,14695.02,1143480.89
9e7da04f4ab69711560a2c0beec427e5cf410b0c,vankooch,7/8/2015,14695.02,1158175.91
1f689f0563a6ecef5143812ead79607497624e6f,Ali Alwash,6/8/2015,14695.02,1172870.93
de671a82474b342e2bd664efcc2f090948e494a9,pauluZ,31/7/2015,14695.02,1187565.95
c3a632319ed7f2ce6f62b89163259fbddfb0b038,Christian González,27/7/2015,14695.02,1202260.97
b75062f9f0b2651f0dfa9d8e910878cb48a6bcb9,Christian González,25/7/2015,14695.02,1216955.99
37abcb30a6c46eb23c70c515699be509a2e436ba,pauluZ,22/7/2015,14693.61,1231649.6
2eef4366982830802f74472b0ee97a85d435d682,Timo Bartholomes,15/7/2015,14693.61,1246343.21
ca925e32b24bd64943b27357acf5a2ed37afaf9f,Timo Bartholomes,8/7/2015,14891.04,1261234.25
dc8964b40254d04c7b6132f234e1c8cb4f40fb52,Kovah,21/6/2015,14693.61,1275927.86
f7e7d6535176a838f44bd2eb3e31c39853645656,Kovah,14/6/2015,14689.38,1290617.24
c6531ce360bedf916d633aee360b52388223b475,Kovah,7/6/2015,14689.38,1305306.62
689abedd14e579bcc4e7ed0281b54913aabb84f7,Kovah,5/6/2015,14689.38,1319996
80d62c92cf0286ca7fae786d55c1bc87c12127d2,Kovah,24/5/2015,14689.38,1334685.38
5dcdea124ef0b2fde28821509a4fb6813d58e83c,Patrick Mainka,23/5/2015,14686.56,1349371.94
f630c39dff4951cb966e377c2910cb425ed0ec4f,Kovah,22/5/2015,14689.38,1364061.32
5169ec0af857fd3ad6d30515dad77a84a78d6fc3,Kovah,21/5/2015,14689.38,1378750.7
9107058e103cbe862d5d3ad65ec74cf8cb4345c4,Kovah,20/5/2015,14689.38,1393440.08
94d7227161aad56a06c6c315325b24133b12a6ca,pauluZ,19/5/2015,14689.38,1408129.46
9479d0d45b1be89891fc73a11a9dc11cdc5481b6,Patrick Mainka,18/5/2015,14686.56,1422816.02
48bfd0759c8d71e6171d9c19bb31d57ad7853fb5,Patrick Mainka,17/5/2015,14686.56,1437502.58
1b5a3020e6f16ee71b2073895430fa7ff561805a,Patrick Mainka,16/5/2015,14686.56,1452189.14
ae623a2b4525ff9de6621d6505006d38fdf74aab,Kovah,15/5/2015,14670.06,1466859.2
10cc1d5f6f661688a39bce5c95789552eb1a6c01,pauluZ,14/5/2015,14689.38,1481548.58
f539b1582d02233f45502a76e9a8a59592cb0b44,Patrick Mainka,9/5/2015,14674.8,1496223.38
1f8f2c1a1d387d8070098d96f395518d381e6dd8,Kovah,7/5/2015,14670.06,1510893.44
440c4c8a617a375a8f9bd8af9b00c83bd42d1827,Kovah,6/5/2015,14668.67,1525562.11
60c26b020eb4d7eb9531dc2ae41dbc4c98c9ec36,Kovah,5/5/2015,14644.8,1540206.91
a794fa3fe6d8f0b31c382a75bd046958099af2a4,Kovah,4/5/2015,14642.1,1554849.01
0567c40d901ffbc44b71ad79239df0ac4a4ce7ec,Kovah,3/5/2015,14639.4,1569488.41
242ce26f3667aa4b20414eb29ce08eab50fbc628,Kovah,2/5/2015,14656.16,1584144.57
8273c356a19829aee778ad8d895d9debe0fc03e4,cz-vilda,1/5/2015,14639.4,1598783.97
c5cb9868faae0a9a6e1459c2fd06b563bdf35f3e,Kovah,30/4/2015,14639.4,1613423.37
292cd53773b5342cb3fc88e3c50da44f167bc1a4,CarlosDom,23/4/2015,14654.77,1628078.14
a56ed3d7eaa8181b8586c5cfb41c88cf886c6aff,Kovah,22/4/2015,14639.4,1642717.54
8620a7855564da26591295d91fac2c763f5cdadc,cz-vilda,21/4/2015,14657.55,1657375.09
997b35c55cb196d19a49c65ef2b6311eaf66d805,cz-vilda,20/4/2015,14657.55,1672032.64
f383cdecf9d6d009a882a70df165177202676657,Kovah,19/4/2015,14639.4,1686672.04
4527905e8f5c81420f0b783590312a7d8d051b43,Kovah,15/4/2015,14639.4,1701311.44
271ca1714233aa668910b4d53fde423c6b1fabb7,Kovah,14/4/2015,14654.77,1715966.21
cf9d37d46fdf940bb1f1e8704c07863cb14b67c3,Kovah,13/4/2015,14644.8,1730611.01
08bf873abeef029e39f19bffa8472afcd8279485,Kovah,12/4/2015,14657.55,1745268.56
6d711375c69ac45c61702bfd1d55e269d754bad5,Kovah,11/4/2015,14640.75,1759909.31
65d7dc7f2149fd1c9334064362bfcd6f00817aa5,Max Maass,10/4/2015,14640.75,1774550.06
bae2fbdbc928e365826b7c5781efb447562028e9,Kovah,7/4/2015,14640.75,1789190.81
27e065ed0a33fae5c1b0c8fa6eece40a09c85866,Kovah,6/4/2015,14640.75,1803831.56
92486881eafbad311f119cc075e1223e46e20e08,Kovah,5/4/2015,14636.7,1818468.26
04c170e66fa0645ebaa99c523632f03e50061ace,Kovah,2/4/2015,14636.7,1833104.96
2938d9fc48fa692a35a4f22e86ade666f0f89d66,Kovah,27/3/2015,14635.35,1847740.31
7b9041befcb760e8be67c88d9feaaa6784c102e9,Kovah,23/3/2015,14634,1862374.31
770c50f9bb14f27ae22b25eff7a81776d48a0234,Patrick Mainka,22/3/2015,14634,1877008.31
1375ef0cf3c1b24cddb2d41316edabb93aaca4e0,Patrick Mainka,21/3/2015,14634,1891642.31
69039c8e6d032f1ededd0d6f62eb8a789898f769,Kovah,18/3/2015,14634,1906276.31
d4acdb66130570f7da912cbe6e83ad60cbb18b6c,Kovah,16/3/2015,14632.65,1920908.96
1a483ff0abf3ddda1170063c961b90a1ba80b63d,CarlosDom,13/3/2015,14634,1935542.96
e3813a5e6de5e056337853f4e9547499ae9c729c,Kovah,10/3/2015,14634,1950176.96
f1ce408dcc8778cc580334077b266c15e632d4fc,Carlos Alba,9/3/2015,14413.95,1964590.91
9b856127140d7c3c2de2220292f0808ae4a973a5,Kovah,8/3/2015,14620.5,1979211.41
fe82e05e20e4fb10b35e763042bdf2d0d6dde6ec,Kovah,7/3/2015,14620.5,1993831.91
f98fa7fa792b5fb5303ad5e0b297920983d3d194,Carlos Alba,6/3/2015,14413.95,2008245.86
2252ec1fd15ca845f6ecc56dd50fa25cf56911d7,Kovah,4/3/2015,14436.9,2022682.76
b968296aa6ef3b20b88ed0828f1f133bdaf95885,Kovah,2/3/2015,14432.85,2037115.61
8661ad8bda60d6a61bc5f706d8aea530d0006983,Kovah,27/2/2015,14412.6,2051528.21
424a7bd6aa666e432aa0475f64454e3bb85fb2c2,Kovah,25/2/2015,14412.6,2065940.81
975905d1879d67758b29f0d71f057dc9bd9a200b,domatix,24/2/2015,14401.8,2080342.61
2155e5392b78abebfddc32156e2a681c310037dc,Kovah,21/2/2015,14403.15,2094745.76
7148c355a12a1cd175e39cae3bef5df4fcf5c407,domatix,20/2/2015,14413.95,2109159.71
09083488e0d9a486f92e80c4f91ca0c29d17fb71,cz-vilda,19/2/2015,14401.8,2123561.51
087c46d212d7149847a0fefa0a052a082f2337da,Kovah,18/2/2015,14400.45,2137961.96
5f7589b04efa30163dcfd4a16a2997a2da1adb04,Kovah,17/2/2015,14383.2,2152345.16
d4c53efb64bc2398eb2b70952ea20f4d46d011ea,cz-vilda,9/2/2015,14395.62,2166740.78
ee89bf6c8c61d5f26e58d53d1f1c27588d41a9e3,egrueda,8/2/2015,14390.26,2181131.04
6678940ec69f131479266617c4d3ffbbc5831894,Piero Steinger,3/2/2015,14378,2195509.04
6bdfa5a999bcade4bca3eb9c695335c0d33c30fa,Kovah,30/1/2015,14380.6,2209889.64
70fe458517295dd084f9e069ac4c96b09d9a48de,Kovah,27/1/2015,14375.4,2224265.04
5e21b8d6e062a34e9330d5d910649e389602212f,Jadaw1n,19/1/2015,14380.6,2238645.64
dbd1de0afd1a741a8694c6559ac9fff7861d24ea,Timo Bartholomes,17/1/2015,14375.4,2253021.04
58730ad5202dcc280f62af49c072140025ea8b14,Piero Steinger,15/1/2015,14379.63,2267400.67
462ca9c96a0389f760ab349c60cfae01e0132913,cz-vilda,12/1/2015,14379.63,2281780.3
ea5f02660b437ee2a526fa4a23c7fc8b221ea19a,cz-vilda,11/1/2015,14379.63,2296159.93
5d1b371a19bb2b9824a12202c4d5100c335bb68c,Piero Steinger,10/1/2015,14379.63,2310539.56
4845618aa927f3e2fe118bc5c01f130646d9727b,miquel-cabanas,9/1/2015,14379.63,2324919.19
c1d89002648cd15e8a561c64265957d95728fe36,miquel-cabanas,8/1/2015,14379.63,2339298.82
29ffa2a474f98d437c0a3338862d5952a1355909,Miquel Cabañas Egaña,7/1/2015,14379.63,2353678.45
48dc711e68e5b7fb53e6723360f8c91c301bda4a,Kovah,6/1/2015,14374.47,2368052.92
998c0fc153dd42f83aad7cddf60c9461bb2bd2a0,Kovah,5/1/2015,14374.47,2382427.39
1a297340ab27a3e003c4bfadf57cafc783de867c,Kovah,4/1/2015,14379.63,2396807.02
5d0f06a0420bcdfb0539f0d36d9bdae5188f82ba,miquel-cabanas,3/1/2015,14374.47,2411181.49
f1131311b02b7626e93842683c32dbeb7da60f4e,Kovah,29/12/2014,14377.05,2425558.54
fa141d13f174a7ca36352a97422f72390db18e05,Kovah,28/12/2014,14371.89,2439930.43
73174b2a2d0fef0496531f52f4b300fcb0ed9bc5,Kovah,26/12/2014,14377.05,2454307.48
e35177aaa59e0f87b622fba6b83c5d42846fc822,Kovah,23/12/2014,14371.89,2468679.37
16e27a47447898b314843299c831a74edb2ec1df,Piero Steinger,22/12/2014,14374.47,2483053.84
23a3a687751b1af2a18ccc4ef5cee5cb3d9c15e1,Kovah,21/12/2014,14371.89,2497425.73
9b7b54e2aa26fae8a3fea40353f1896a8b7f66e7,Kovah,18/12/2014,14371.89,2511797.62
b4eb40da8726446ca652bf27bd4c9a1c93ead78a,Piero Steinger,12/12/2014,14374.47,2526172.09
6ae48dbf5ce3ae32c02e221d9bb2c6acb918c7c9,Jadaw1n,5/12/2014,14371.89,2540543.98
cef1b135f3f37409f318713e7202dc41b1054984,L.C. Karssen,4/12/2014,14371.89,2554915.87
2f01a22860d042a0f03941a361422afdf224d8f4,Kovah,26/11/2014,14374.47,2569290.34
4b461f8f745c86e184ceef5de10c3bb602c1659f,Piero Steinger,14/11/2014,14371.89,2583662.23
77db2658a41ac5741415bd44b5e767c6c6c16a9f,Piero Steinger,11/11/2014,14374.47,2598036.7
d59bb1f4f90977e203d49627caa071cd1002422d,Kovah,9/11/2014,14371.89,2612408.59
b083b7a78f659d728609af75348e52ebaf04409c,Kovah,7/11/2014,14371.89,2626780.48
a84c81362a9d229b9a156260b85745164206299c,Jadaw1n,6/11/2014,14371.89,2641152.37
6bd23e21e5f7cb804f72cf955803e24abdf3204c,Kovah,4/11/2014,14371.89,2655524.26
c68748c3cd3eb9319d9493c014e06a23f2286b69,Kovah,26/10/2014,14361.57,2669885.83
7cfebb2fd3266fe80558780d5a898e9a7eaea8e3,Kovah,25/10/2014,14361.57,2684247.4
0511b270efec15099317fae12bfca43d4e9c5548,Kovah,15/10/2014,13538.61,2697786.01
9f53da5b4cffc7cee754d352243a75d680882402,Piero Steinger,14/10/2014,13538.61,2711324.62
b75b431ea59da0b9916ddf5b2bfb95ba3bef69d0,Kovah,12/10/2014,13538.61,2724863.23
9e8abcf2ebb853a486e8aec9f0a1a0187d2bb303,Kovah,9/10/2014,13538.61,2738401.84
7a76395234b34c94da4cddcc3e3dc798cf7f0ed8,Kovah,4/10/2014,13538.61,2751940.45
e1ae35a2f6f2800163e5f1dc0b3cf6a94916e178,b3rn475,3/10/2014,13538.61,2765479.06
8821ff2f1d82ac4deb9836b96a4a2371f837380e,Kovah,27/9/2014,13538.61,2779017.67
30eab145eee3d7d8ba3addfe9534064cc5238992,Kovah,8/9/2014,13543.53,2792561.2
96067274e125c558c041299969addbf11727ee79,Kovah,4/9/2014,13538.61,2806099.81
ea42cc045df18206a840837a823b7e1b7d766336,Kovah,29/8/2014,13538.61,2819638.42
9b89b8d1c4375c6d64aa2b9baba1f2c7c3cf1278,Kovah,28/8/2014,13543.53,2833181.95
5d54ad9fdf1edbc2c62c378d495dd35e85393cf0,Piero Steinger,25/8/2014,13543.53,2846725.48
5fbe536a9241634ef4709a09299d2c8531689032,Kovah,24/8/2014,13543.53,2860269.01
a750e8c4398b1086916967fd296989f4b5450aeb,Kovah,23/8/2014,13543.53,2873812.54
6b1675fbf01f51fbe8d0d2491d2fce46063fd2a8,Piero Steinger,22/8/2014,13543.53,2887356.07
183b3e3efc7e3792161cfe261537cb18ebc43815,Piero Steinger,21/8/2014,13543.53,2900899.6
ec1edbc3094594e1c0b65ab1f2ef83c2568ab7b4,Foster McLane,13/8/2014,13542.3,2914441.9
373812e6ef7f44466a276d03ce8d5cf68945872b,Kovah,11/8/2014,13543.53,2927985.43
472ba7dfd63f495880bbbebedd0bdd36515698dc,Kovah,10/8/2014,13543.53,2941528.96
b09549913fb4f6bd2e73eb0bd89b47ea7b42ef07,Kovah,7/8/2014,13543.53,2955072.49
a28137cf325bc675084927173f894110ecb6d08e,Winter Faulk,5/8/2014,13542.3,2968614.79
cdf190d68926a84a9c7af27ed41ae30a8eabb999,Kovah,4/8/2014,13542.3,2982157.09
4677959bc133b36ca0d7837e5de813972a6f7f7a,Winter Faulk,1/8/2014,13542.3,2995699.39
0e46a594e3fc890cf055978a582647f01e37f6b7,Kovah,24/7/2014,13542.3,3009241.69
8ac6b7e528589d5b6eea108ac5b076d13123a1c2,Kovah,23/7/2014,13542.3,3022783.99
dece25a9dd7c40bb52d5b00b6458930ef0e0e8f1,Kovah,17/7/2014,13542.3,3036326.29
5af51d207cd19706e0685c1fa872715074ec35e1,Kovah,12/7/2014,13542.3,3049868.59
3c979273062b9245859a23953082f0767d35eced,Kovah,11/7/2014,13542.3,3063410.89
a32329cf5dc6aec737ddf1691ea03cb0a825adbb,Kovah,6/7/2014,13542.3,3076953.19
e7d4325c78fe11e134503e9b07f1e199f9de342e,Kovah,29/6/2014,13542.3,3090495.49
48f06811f9f4eb9bc84efeab15197c3317ecefab,Kovah,28/6/2014,13542.3,3104037.79
1637231817beede12b021ccd4f1a3a3c0e3f67bf,Kovah,18/6/2014,0,3104037.79
a14a1c82f98e59a8120b92487bc70c478a323c5b,Kovah,13/6/2014,13542.3,3117580.09
a0b0f30b72ba81ecf1fd0eb9e83abe8f635e44de,Kovah,12/6/2014,13537.12,3131117.21
1dbf2d190f336fc4a3a8fd9978a3d45003527553,Kovah,4/6/2014,13537.12,3144654.33
bf988747d1530486d36082221109a6f1fcf08b41,Kovah,30/5/2014,13537.12,3158191.45