Datetime,complexity_raw,complexity_regress,accumulative_raw,accumulative_regress,time_delta_days
2010-09-16 11:47:09+00:00,6.0,1.0828589743589703,6.0,1.0828589743589703,0.0
2010-09-18 07:32:52+00:00,6.0,2.3142739541160555,12.0,3.397132928475026,1.8234143518518517
2010-09-26 11:37:38+00:00,7.0,3.545688933873141,19.0,6.942821862348167,9.993391203703704
2010-11-23 07:08:12+00:00,8.0,4.777103913630227,27.0,11.719925775978393,67.80628472222222
2010-12-30 15:46:41+00:00,8.0,6.008518893387312,35.0,17.728444669365704,105.1663425925926
2011-01-02 19:48:08+00:00,10.0,7.239933873144397,45.0,24.968378542510102,108.3340162037037
2011-01-05 10:02:29+00:00,10.0,8.471348852901484,55.0,33.43972739541159,110.92731481481482
2011-01-06 00:10:08+00:00,13.0,9.702763832658569,68.0,43.142491228070156,111.51596064814815
2011-01-13 22:06:07+00:00,13.0,10.934178812415654,81.0,54.07667004048581,119.42983796296296
2011-01-14 00:56:06+00:00,15.0,12.16559379217274,96.0,66.24226383265855,119.54788194444444
2011-01-16 13:50:19+00:00,15.0,13.397008771929825,111.0,79.63927260458837,122.08553240740741
2011-01-17 21:20:24+00:00,15.0,14.62842375168691,126.0,94.26769635627528,123.39809027777778
2011-02-04 00:04:56+00:00,15.0,15.859838731443997,141.0,110.12753508771928,140.51234953703704
2011-02-06 16:27:49+00:00,15.99,17.09125371120108,156.99,127.21878879892036,143.1949074074074
2011-02-10 09:28:59+00:00,15.99,18.322668690958167,172.98000000000002,145.54145748987852,146.90405092592593
2011-02-16 11:50:19+00:00,15.99,19.55408367071525,188.97000000000003,165.09554116059377,153.00219907407407
2011-02-21 21:10:28+00:00,15.99,20.785498650472338,204.96000000000004,185.8810398110661,158.39119212962962
2011-02-23 22:49:14+00:00,12.99,22.016913630229425,217.95000000000005,207.89795344129553,160.45978009259258
2011-03-05 16:58:00+00:00,14.01,23.24832860998651,231.96000000000004,231.14628205128204,170.21586805555555
2011-03-06 21:24:06+00:00,14.01,24.479743589743595,245.97000000000003,255.62602564102565,171.40065972222223
2011-03-07 18:47:31+00:00,14.01,25.71115856950068,259.98,281.33718421052635,172.2919212962963
2011-03-24 23:51:27+00:00,20.97,26.942573549257766,280.95000000000005,308.2797577597841,189.5029861111111
2011-03-25 00:00:19+00:00,20.97,28.17398852901485,301.9200000000001,336.4537462887989,189.50914351851853
2011-03-26 10:30:46+00:00,20.97,29.405403508771936,322.8900000000001,365.85914979757086,190.9469560185185
2011-03-27 11:18:36+00:00,22.7,30.636818488529023,345.5900000000001,396.49596828609987,191.9801736111111
2011-03-28 00:14:59+00:00,32.28,31.868233468286107,377.8700000000001,428.364201754386,192.5193287037037
2011-03-29 09:41:48+00:00,43.2,33.09964844804319,421.0700000000001,461.46385020242917,193.9129513888889
2011-03-30 23:41:49+00:00,43.2,34.33106342780028,464.2700000000001,495.7949136302295,195.4962962962963
2011-03-31 00:42:46+00:00,43.2,35.562478407557364,507.4700000000001,531.3573920377869,195.53862268518517
2011-04-01 10:43:14+00:00,43.2,36.79389338731445,550.6700000000001,568.1512854251014,196.95561342592592
2011-04-02 17:35:29+00:00,43.2,38.02530836707153,593.8700000000001,606.1765937921729,198.24189814814815
2011-04-03 16:10:25+00:00,43.2,39.25672334682862,637.0700000000002,645.4333171390015,199.18282407407406
2011-04-04 15:29:45+00:00,43.2,40.488138326585705,680.2700000000002,685.9214554655872,200.15458333333333
2011-04-05 10:38:21+00:00,43.2,41.71955330634279,723.4700000000003,727.64100877193,200.95222222222222
2011-04-06 01:12:21+00:00,46.24,42.95096828609988,769.7100000000003,770.5919770580299,201.55916666666667
2011-04-10 17:14:25+00:00,43.2,44.18238326585696,812.9100000000003,814.7743603238869,206.2272685185185
2011-04-13 20:05:16+00:00,46.24,45.413798245614046,859.1500000000003,860.188158569501,209.34591435185186
2011-04-14 12:00:56+00:00,46.24,46.64521322537113,905.3900000000003,906.833371794872,210.00957175925927
2011-04-15 12:31:19+00:00,49.32,47.87662820512822,954.7100000000004,954.7100000000003,211.0306712962963
2011-04-16 14:44:20+00:00,57.2,60.632549447845186,1011.9100000000004,1015.3425494478455,212.1230439814815
2011-04-17 00:42:45+00:00,57.2,61.054876803346744,1069.1100000000004,1076.3974262511922,212.53861111111112
2011-04-18 20:02:26+00:00,61.11,61.477204158848295,1130.2200000000003,1137.8746304100405,214.34394675925927
2011-04-20 15:46:23+00:00,63.0,61.899531514349846,1193.2200000000003,1199.7741619243902,216.16613425925925
2011-04-21 09:11:39+00:00,64.05,62.3218588698514,1257.2700000000002,1262.0960207942417,216.8920138888889
2011-04-22 10:06:07+00:00,64.05,62.744186225352955,1321.3200000000002,1324.8402070195946,217.92983796296295
2011-04-23 09:29:32+00:00,64.05,63.166513580854506,1385.3700000000001,1388.0067206004492,218.90443287037036
2011-04-26 13:14:06+00:00,64.05,63.588840936356064,1449.42,1451.5955615368052,222.06038194444446
2011-04-30 18:54:12+00:00,64.05,64.01116829185762,1513.47,1515.6067298286628,226.2965625
2011-05-02 21:08:10+00:00,64.05,64.43349564735917,1577.52,1580.040225476022,228.3895949074074
2011-05-03 00:28:08+00:00,64.05,64.85582300286072,1641.57,1644.8960484788827,228.52846064814815
2011-05-05 14:17:10+00:00,64.05,65.27815035836227,1705.62,1710.174198837245,231.10417824074074
2011-05-06 15:00:45+00:00,64.89,65.70047771386383,1770.51,1775.874676551109,232.13444444444445
2011-05-08 23:29:36+00:00,64.89,66.12280506936538,1835.4,1841.9974816204742,234.4878125
2011-05-09 07:54:22+00:00,64.89,66.54513242486694,1900.2900000000002,1908.5426140453412,234.83834490740742
2011-05-11 10:19:14+00:00,69.0,66.96745978036849,1969.2900000000002,1975.5100738257097,236.93894675925927
2011-05-13 22:56:53+00:00,69.0,67.38978713587005,2038.2900000000002,2042.8998609615796,239.46509259259258
2011-05-14 10:37:32+00:00,69.0,67.8121144913716,2107.29,2110.7119754529513,239.9516550925926
2011-05-15 01:07:03+00:00,71.76,68.23444184687315,2179.05,2178.9464172998246,240.55548611111112
2011-05-17 15:45:25+00:00,73.83,68.6567692023747,2252.88,2247.603186502199,243.16546296296298
2011-05-18 20:12:22+00:00,73.83,69.07909655787626,2326.71,2316.6822830600754,244.3508449074074
2011-05-20 01:17:28+00:00,73.83,69.5014239133778,2400.54,2386.1837069734534,245.5627199074074
2011-05-22 07:55:59+00:00,73.83,69.92375126887937,2474.37,2456.1074582423325,247.8394675925926
2011-05-23 09:28:28+00:00,73.83,70.34607862438092,2548.2,2526.4535368667134,248.90369212962963
2011-05-26 16:55:22+00:00,73.83,70.76840597988247,2622.0299999999997,2597.221942846596,252.21403935185185
2011-05-28 15:58:17+00:00,73.83,71.19073333538402,2695.8599999999997,2668.41267618198,254.17439814814816
2011-06-01 07:36:35+00:00,73.83,71.61306069088559,2769.6899999999996,2740.0257368728653,257.8259953703704
2011-06-16 08:21:46+00:00,73.83,72.03538804638714,2843.5199999999995,2812.0611249192525,272.85737268518517
2011-06-22 15:57:47+00:00,73.83,72.45771540188869,2917.3499999999995,2884.5188403211414,279.17405092592594
2011-06-23 12:46:41+00:00,73.83,72.88004275739024,2991.1799999999994,2957.3988830785315,280.04134259259257
2011-06-27 12:22:53+00:00,73.83,73.3023701128918,3065.0099999999993,3030.7012531914233,284.0248148148148
2011-07-01 15:15:36+00:00,73.83,73.72469746839334,3138.8399999999992,3104.425950659817,288.14475694444445
2011-07-02 09:26:09+00:00,73.83,74.1470248238949,3212.669999999999,3178.5729754837116,288.90208333333334
2011-07-10 20:58:50+00:00,73.83,74.56935217939646,3286.499999999999,3253.142327663108,297.3831134259259
2011-07-13 07:42:08+00:00,73.83,74.99167953489801,3360.329999999999,3328.134007198006,299.82984953703703
2011-07-15 00:00:10+00:00,73.83,75.41400689039956,3434.159999999999,3403.5480140884056,301.50903935185187
2011-07-16 00:57:39+00:00,73.83,75.83633424590111,3507.989999999999,3479.3843483343067,302.54895833333336
2011-07-17 07:51:36+00:00,73.83,76.25866160140268,3581.819999999999,3555.6430099357094,303.8364236111111
2011-07-18 07:42:27+00:00,73.83,76.68098895690423,3655.6499999999987,3632.3239988926134,304.83006944444446
2011-07-19 22:40:33+00:00,73.83,77.10331631240578,3729.4799999999987,3709.427315205019,306.45375
2011-07-20 17:27:07+00:00,78.72,77.52564366790733,3808.1999999999985,3786.9529588729265,307.236087962963
2011-07-21 04:57:59+00:00,79.68,77.94797102340888,3887.8799999999983,3864.9009298963356,307.71585648148147
2011-07-22 09:43:00+00:00,76.8,78.37029837891043,3964.6799999999985,3943.271228275246,308.9137847222222
2011-07-23 15:46:17+00:00,76.8,78.79262573441198,4041.4799999999987,4022.063854009658,310.16606481481483
2011-07-25 09:09:57+00:00,76.8,79.21495308991355,4118.279999999999,4101.278807099571,311.8908333333333
2011-07-29 10:46:57+00:00,76.8,79.6372804454151,4195.079999999999,4180.916087544986,315.9581944444444
2011-08-01 03:10:52+00:00,76.8,80.05960780091667,4271.879999999999,4260.975695345903,318.6414699074074
2011-08-04 15:16:08+00:00,76.8,80.48193515641822,4348.679999999999,4341.457630502321,322.14512731481483
2011-08-08 09:06:35+00:00,77.76,80.90426251191977,4426.44,4422.361893014241,325.8884953703704
2011-08-09 09:24:34+00:00,81.75,81.32658986742132,4508.19,4503.688482881663,326.9009837962963
2011-08-11 20:42:45+00:00,81.75,81.74891722292287,4589.94,4585.437400104585,329.37194444444447
2011-08-13 10:27:13+00:00,81.75,82.17124457842442,4671.69,4667.6086446830095,330.9444907407407
2011-08-15 21:06:21+00:00,81.75,82.59357193392597,4753.44,4750.202216616935,333.3883333333333
2011-08-16 11:15:29+00:00,81.75,83.01589928942752,4835.19,4833.218115906363,333.97800925925924
2011-08-17 19:21:34+00:00,81.75,83.43822664492909,4916.94,4916.656342551292,335.31556712962964
2011-08-18 09:32:58+00:00,85.5,83.86055400043064,5002.44,5000.516896551723,335.90681712962964
2011-08-19 17:58:41+00:00,93.25,91.50273408239701,5095.69,5092.01963063412,337.25800925925927
2011-08-20 22:13:32+00:00,93.25,91.6237878787879,5188.94,5183.643418512908,338.43498842592595
2011-08-21 09:10:50+00:00,93.25,91.74484167517878,5282.19,5275.388260188087,338.8914467592593
2011-08-24 08:22:11+00:00,93.25,91.86589547156964,5375.44,5367.254155659656,341.857662037037
2011-08-25 21:10:29+00:00,94.25,91.98694926796051,5469.69,5459.241104927617,343.3912037037037
2011-08-26 12:01:32+00:00,94.25,92.1080030643514,5563.94,5551.349107991969,344.00998842592594
2011-08-29 15:00:58+00:00,94.25,92.22905686074228,5658.19,5643.578164852711,347.1345949074074
2011-09-01 13:51:58+00:00,94.25,92.35011065713314,5752.44,5735.928275509844,350.08667824074075
2011-09-10 14:41:16+00:00,95.25,92.47116445352401,5847.69,5828.3994399633675,359.12091435185187
2011-09-13 10:21:20+00:00,94.25,92.5922182499149,5941.94,5920.991658213283,361.9404050925926
2011-09-14 21:23:55+00:00,96.25,92.71327204630578,6038.19,6013.704930259589,363.4005324074074
2011-09-15 10:13:33+00:00,96.25,92.83432584269664,6134.44,6106.539256102285,363.935
2011-09-18 15:10:02+00:00,94.25,92.95537963908751,6228.69,6199.494635741373,367.1408912037037
2011-09-20 09:48:33+00:00,99.06,93.07643343547839,6327.75,6292.571069176851,368.9176388888889
2011-09-21 14:38:40+00:00,99.06,93.19748723186927,6426.81,6385.7685564087205,370.1191087962963
2011-09-22 07:15:03+00:00,98.28,93.31854102826014,6525.09,6479.087097436981,370.81104166666665
2011-09-24 19:45:21+00:00,96.25,93.43959482465102,6621.34,6572.526692261632,373.33208333333334
2011-09-26 08:08:28+00:00,93.5,93.56064862104189,6714.84,6666.087340882674,374.8481365740741
2011-09-29 09:30:08+00:00,96.25,93.68170241743277,6811.09,6759.769043300106,377.904849537037
2011-10-02 13:20:51+00:00,93.5,93.80275621382364,6904.59,6853.57179951393,381.0650694444444
2011-10-03 22:41:54+00:00,93.5,93.92381001021452,6998.09,6947.495609524145,382.4546875
2011-10-06 15:29:06+00:00,93.5,94.04486380660539,7091.59,7041.5404733307505,385.15413194444443
2011-10-07 16:34:29+00:00,93.5,94.16591760299627,7185.09,7135.706390933747,386.19953703703703
2011-10-09 10:45:30+00:00,93.5,94.28697139938714,7278.59,7229.9933623331335,387.9571875
2011-10-10 13:34:26+00:00,94.5,94.40802519577802,7373.09,7324.401387528912,389.0745023148148
2011-10-19 14:15:17+00:00,89.75,94.52907899216889,7462.84,7418.930466521081,398.1028703703704
2011-10-20 16:20:23+00:00,89.75,94.65013278855977,7552.59,7513.580599309641,399.18974537037036
2011-10-23 09:21:47+00:00,89.75,94.77118658495064,7642.34,7608.351785894592,401.8990509259259
2011-10-26 10:57:52+00:00,89.75,94.89224038134152,7732.09,7703.244026275933,404.96577546296294
2011-10-27 19:35:36+00:00,92.82,95.01329417773239,7824.91,7798.257320453665,406.3253125
2011-10-29 09:29:18+00:00,89.75,95.13434797412327,7914.66,7893.391668427788,407.9042708333333
2011-11-02 14:55:14+00:00,92.82,95.25540177051414,8007.48,7988.647070198303,412.1306134259259
2011-11-07 10:02:06+00:00,92.82,95.37645556690502,8100.299999999999,8084.0235257652075,416.9270486111111
2011-11-08 00:08:47+00:00,92.82,95.49750936329589,8193.119999999999,8179.521035128503,417.51502314814815
2011-11-10 14:02:30+00:00,96.46,95.61856315968677,8289.579999999998,8275.13959828819,420.09399305555553
2011-11-18 15:54:31+00:00,92.04,95.73961695607764,8381.619999999999,8370.879215244267,428.1717824074074
2011-11-30 13:32:47+00:00,94.25,95.86067075246852,8475.869999999999,8466.739885996736,440.0733564814815
2011-12-03 08:39:33+00:00,95.68,95.98172454885939,8571.55,8562.721610545595,442.8697222222222
2011-12-21 15:55:04+00:00,95.68,96.10277834525027,8667.23,8658.824388890846,461.17216435185185
2011-12-22 07:30:57+00:00,95.68,96.22383214164114,8762.91,8755.048221032486,461.82208333333335
2011-12-27 10:56:57+00:00,95.68,96.34488593803202,8858.59,8851.393106970518,466.9651388888889
2011-12-31 18:19:17+00:00,95.68,96.46593973442289,8954.27,8947.85904670494,471.2723148148148
2012-01-01 18:20:12+00:00,95.68,96.58699353081377,9049.95,9044.446040235754,472.2729513888889
2012-01-02 19:02:05+00:00,95.68,96.70804732720464,9145.630000000001,9141.15408756296,473.30203703703705
2012-01-10 20:01:21+00:00,95.68,96.82910112359552,9241.310000000001,9237.983188686556,481.34319444444446
2012-01-12 16:34:38+00:00,95.68,96.95015491998639,9336.990000000002,9334.933343606543,483.1996412037037
2012-01-13 08:06:36+00:00,95.68,97.07120871637727,9432.670000000002,9432.00455232292,483.8468402777778
2012-01-17 04:44:40+00:00,95.68,97.19226251276814,9528.350000000002,9529.196814835688,487.7066087962963
2012-01-19 11:38:58+00:00,95.68,97.31331630915902,9624.030000000002,9626.510131144847,489.9943171296296
2012-01-21 07:27:37+00:00,95.68,97.4343701055499,9719.710000000003,9723.944501250397,491.8197685185185
2012-01-25 02:53:06+00:00,95.68,97.55542390194077,9815.390000000003,9821.499925152337,495.62913194444445
2012-02-04 11:50:21+00:00,95.68,97.67647769833164,9911.070000000003,9919.176402850668,506.0022222222222
2012-02-08 09:15:41+00:00,95.68,97.79753149472252,10006.750000000004,10016.97393434539,509.8948148148148
2012-02-16 10:00:10+00:00,95.68,97.9185852911134,10102.430000000004,10114.892519636503,517.9257060185186
2012-02-17 10:05:49+00:00,95.68,98.03963908750427,10198.110000000004,10212.932158724008,518.9296296296296
2012-02-20 11:49:49+00:00,95.68,98.16069288389514,10293.790000000005,10311.092851607904,522.0018518518518
2012-02-21 13:56:22+00:00,95.68,98.28174668028602,10389.470000000005,10409.37459828819,523.0897337962963
2012-02-22 22:33:14+00:00,95.68,98.4028004766769,10485.150000000005,10507.777398764867,524.4486689814814
2012-02-24 11:47:47+00:00,95.68,98.52385427306777,10580.830000000005,10606.301253037935,526.0004398148149
2012-02-27 00:34:25+00:00,95.68,98.64490806945864,10676.510000000006,10704.946161107393,528.532824074074
2012-03-02 19:58:30+00:00,96.46,98.76596186584952,10772.970000000005,10803.712122973242,533.3412152777778
2012-03-09 01:05:05+00:00,96.46,98.8870156622404,10869.430000000004,10902.599138635482,539.5541203703704
2012-03-10 22:57:11+00:00,99.32,99.00806945863127,10968.750000000004,11001.607208094112,541.4653009259259
2012-03-11 08:58:05+00:00,99.32,99.12912325502214,11068.070000000003,11100.736331349135,541.8825925925926
2012-03-14 15:30:16+00:00,99.32,99.25017705141302,11167.390000000003,11199.986508400549,545.1549421296296
2012-03-17 14:44:49+00:00,99.32,99.3712308478039,11266.710000000003,11299.357739248353,548.1233796296297
2012-03-18 23:26:13+00:00,99.32,99.49228464419477,11366.030000000002,11398.850023892548,549.485462962963
2012-03-20 13:25:50+00:00,99.32,99.61333844058564,11465.350000000002,11498.463362333134,551.0685300925926
2012-03-21 11:52:23+00:00,101.14,99.73439223697652,11566.490000000002,11598.19775457011,552.0036342592592
2012-03-24 00:32:47+00:00,100.36,99.8554460333674,11666.850000000002,11698.053200603477,554.5316898148149
2012-03-26 08:09:24+00:00,99.32,99.97649982975827,11766.170000000002,11798.029700433235,556.8487847222223
2012-03-27 07:58:44+00:00,99.32,100.09755362614914,11865.490000000002,11898.127254059384,557.8413773148148
2012-03-28 12:44:38+00:00,101.14,100.21860742254002,11966.630000000001,11998.345861481923,559.0399189814815
2012-03-29 17:52:52+00:00,101.14,100.3396612189309,12067.77,12098.685522700855,560.2539699074074
2012-03-30 09:49:19+00:00,101.14,100.46071501532177,12168.91,12199.146237716177,560.9181712962964
2012-04-02 09:28:19+00:00,101.14,100.58176881171265,12270.05,12299.72800652789,563.903587962963
2012-04-03 11:33:05+00:00,101.14,100.70282260810352,12371.189999999999,12400.430829135994,564.9902314814815
2012-04-16 18:19:20+00:00,102.18,100.8238764044944,12473.369999999999,12501.254705540488,578.272349537037
2012-04-17 11:13:00+00:00,101.14,100.94493020088527,12574.509999999998,12602.199635741374,578.9762847222222
2012-04-19 22:39:22+00:00,101.14,101.06598399727615,12675.649999999998,12703.26561973865,581.4529282407408
2012-04-20 00:10:13+00:00,101.14,101.18703779366702,12776.789999999997,12804.452657532316,581.5160185185185
2012-05-01 00:15:48+00:00,101.14,101.3080915900579,12877.929999999997,12905.760749122373,592.5198958333333
2012-05-02 00:11:20+00:00,106.86,101.42914538644877,12984.789999999997,13007.189894508821,593.5167939814814
2012-05-08 10:25:30+00:00,106.86,101.55019918283965,13091.649999999998,13108.740093691662,599.9432986111111
2012-05-12 16:29:57+00:00,101.14,101.67125297923052,13192.789999999997,13210.411346670893,604.1963888888889
2012-05-15 23:32:58+00:00,106.86,101.7923067756214,13299.649999999998,13312.203653446515,607.490150462963
2012-05-16 08:03:45+00:00,106.86,101.91336057201227,13406.509999999998,13414.117014018528,607.8448611111111
2012-05-19 09:43:20+00:00,106.86,102.03441436840315,13513.369999999999,13516.151428386931,610.9140162037037
2012-05-20 04:44:08+00:00,106.86,102.15546816479402,13620.23,13618.306896551725,611.7062384259259
2012-05-21 14:28:20+00:00,114.14,112.80882696938423,13734.369999999999,13731.115723521109,613.1119328703704
2012-05-24 12:03:19+00:00,116.37,114.31683522531821,13850.74,13845.432558746426,616.0112268518518
2012-05-25 10:45:42+00:00,119.07,115.82484348125215,13969.81,13961.257402227679,616.9573263888889
2012-05-26 00:27:22+00:00,120.96,117.33285173718613,14090.769999999999,14078.590253964865,617.5279282407407
2012-05-27 20:50:17+00:00,119.86,118.84085999312006,14210.63,14197.431113957986,619.3771759259259
2012-05-28 10:25:09+00:00,118.04,120.348868249054,14328.67,14317.77998220704,619.9430555555556
2012-05-30 08:33:00+00:00,121.68,121.85687650498798,14450.35,14439.636858712027,621.8651736111111
2012-05-31 00:27:16+00:00,122.46,123.36488476092191,14572.81,14563.001743472949,622.5278587962963
2012-06-01 17:09:33+00:00,122.46,124.87289301685584,14695.269999999999,14687.874636489805,624.2238888888888
2012-06-02 00:33:26+00:00,122.46,126.38090127278983,14817.729999999998,14814.255537762596,624.5321412037038
2012-06-03 14:43:04+00:00,128.96,127.88890952872376,14946.689999999997,14942.144447291319,626.1221643518519
2012-06-07 19:41:09+00:00,130.41,129.39691778465775,15077.099999999997,15071.541365075977,630.3291666666667
2012-06-08 00:01:54+00:00,130.41,130.90492604059168,15207.509999999997,15202.446291116568,630.5102430555555
2012-06-09 08:47:44+00:00,130.41,132.4129342965256,15337.919999999996,15334.859225413094,631.8754050925926
2012-06-11 16:22:21+00:00,130.41,133.9209425524596,15468.329999999996,15468.780167965555,634.1911111111111
2012-06-12 11:01:54+00:00,139.59,135.42895080839352,15607.919999999996,15604.209118773948,634.9685763888889
2012-06-13 08:24:06+00:00,139.59,136.9369590643275,15747.509999999997,15741.146077838275,635.8589930555555
2012-06-14 00:08:07+00:00,183.96,137.32821046571527,15931.469999999996,15878.47428830399,636.5145601851851
2012-06-15 12:11:24+00:00,188.44,137.719461867103,16119.909999999996,16016.193750171095,638.0168402777778
2012-06-16 13:45:53+00:00,171.86,138.11071326849077,16291.769999999997,16154.304463439585,639.0824537037037
2012-06-17 12:03:13+00:00,173.68,138.50196466987853,16465.449999999997,16292.806428109463,640.0111574074074
2012-06-18 08:36:04+00:00,174.46,138.89321607126627,16639.909999999996,16431.699644180728,640.8673032407407
2012-06-19 08:47:14+00:00,170.04,139.28446747265403,16809.949999999997,16570.984111653383,641.8750578703704
2012-06-20 00:44:32+00:00,142.22,139.6757188740418,16952.17,16710.659830527424,642.5398495370371
2012-06-22 19:51:57+00:00,142.22,140.06697027542953,17094.39,16850.726800802855,645.3366666666667
2012-06-23 00:35:03+00:00,143.78,140.4582216768173,17238.17,16991.185022479673,645.5332638888889
2012-06-25 08:35:16+00:00,144.56,140.84947307820502,17382.73,17132.034495557877,647.8667476851851
2012-06-26 09:59:34+00:00,147.94,141.24072447959279,17530.67,17273.27522003747,648.9252893518518
2012-06-27 19:16:30+00:00,151.06,141.63197588098055,17681.73,17414.90719591845,650.3120486111111
2012-06-28 07:00:33+00:00,151.58,142.02322728236828,17833.31,17556.930423200818,650.8009722222222
2012-06-29 08:15:25+00:00,151.58,142.41447868375604,17984.890000000003,17699.344901884575,651.8529629629629
2012-06-30 14:25:04+00:00,151.58,142.8057300851438,18136.470000000005,17842.15063196972,653.1096643518518
2012-07-01 08:32:12+00:00,151.06,143.19698148653154,18287.530000000006,17985.34761345625,653.8646180555555
2012-07-03 10:09:15+00:00,151.06,143.5882328879193,18438.590000000007,18128.93584634417,655.9320138888888
2012-07-04 14:43:16+00:00,151.06,143.97948428930707,18589.65000000001,18272.915330633477,657.1223032407407
2012-07-05 20:32:53+00:00,151.06,144.3707356906948,18740.71000000001,18417.286066324174,658.3650925925926
2012-07-06 15:12:43+00:00,151.06,144.76198709208256,18891.77000000001,18562.048053416256,659.1427546296296
2012-07-07 14:58:02+00:00,153.14,145.15323849347033,19044.91000000001,18707.201291909725,660.1325578703704
2012-07-09 16:09:22+00:00,153.14,145.54448989485806,19198.05000000001,18852.745781804584,662.1820949074074
2012-07-10 07:51:26+00:00,153.14,145.93574129624582,19351.19000000001,18998.68152310083,662.8363078703703
2012-07-11 10:47:19+00:00,153.14,146.32699269763356,19504.33000000001,19145.00851579846,663.9584490740741
2012-07-12 19:24:34+00:00,153.14,146.71824409902132,19657.47000000001,19291.726759897483,665.317650462963
2012-07-13 11:43:17+00:00,153.14,147.10949550040908,19810.610000000008,19438.83625539789,665.9973148148148
2012-07-15 10:23:12+00:00,154.44,147.50074690179682,19965.050000000007,19586.33700229969,667.9417013888889
2012-07-18 10:34:35+00:00,156.0,147.89199830318458,20121.050000000007,19734.229000602874,670.9496064814815
2012-07-20 01:30:37+00:00,156.0,148.28324970457234,20277.050000000007,19882.512250307445,672.5718518518519
2012-07-22 09:43:15+00:00,156.0,148.67450110596008,20433.050000000007,20031.186751413406,674.9139583333333
2012-07-25 11:57:55+00:00,156.0,149.06575250734784,20589.050000000007,20180.252503920754,678.0074768518518
2012-07-30 00:24:23+00:00,156.0,149.4570039087356,20745.050000000007,20329.709507829488,682.5258564814815
2012-07-31 11:39:20+00:00,156.0,149.84825531012333,20901.050000000007,20479.55776313961,683.9945717592593
2012-08-01 23:13:47+00:00,156.0,150.2395067115111,21057.050000000007,20629.797269851122,685.4768287037037
2012-08-02 14:49:41+00:00,156.0,150.63075811289886,21213.050000000007,20780.428027964022,686.1267592592593
2012-08-03 09:14:25+00:00,156.0,151.0220095142866,21369.050000000007,20931.45003747831,686.8939351851852
2012-08-04 12:59:03+00:00,156.0,151.41326091567436,21525.050000000007,21082.863298393982,688.0499305555555
2012-08-08 11:53:42+00:00,156.0,151.80451231706212,21681.050000000007,21234.667810711046,692.0045486111111
2012-08-21 01:04:44+00:00,156.0,152.19576371844985,21837.050000000007,21386.863574429495,704.5538773148148
2012-08-23 15:20:02+00:00,156.0,152.58701511983762,21993.050000000007,21539.45058954933,707.1478356481482
2012-08-28 14:24:41+00:00,156.0,152.97826652122535,22149.050000000007,21692.428856070557,712.1093981481481
2012-08-29 15:06:09+00:00,156.0,153.3695179226131,22305.050000000007,21845.79837399317,713.1381944444445
2012-08-30 13:55:35+00:00,156.0,153.76076932400088,22461.050000000007,21999.559143317172,714.0891898148149
2012-09-04 15:42:47+00:00,156.0,154.1520207253886,22617.050000000007,22153.71116404256,719.1636342592593
2012-09-07 23:15:12+00:00,156.0,154.54327212677637,22773.050000000007,22308.254436169336,722.4778125
2012-09-08 02:53:02+00:00,156.0,154.93452352816414,22929.050000000007,22463.1889596975,722.6290856481481
2012-09-09 02:09:46+00:00,156.0,155.32577492955187,23085.050000000007,22618.514734627053,723.5990393518518
2012-09-10 15:51:39+00:00,156.0,155.71702633093963,23241.050000000007,22774.23176095799,725.1697916666667
2012-09-13 12:02:45+00:00,156.0,156.1082777323274,23397.050000000007,22930.34003869032,728.0108333333334
2012-09-15 08:08:52+00:00,156.78,156.49952913371513,23553.830000000005,23086.839567824034,729.8484143518518
2012-09-17 23:13:10+00:00,156.78,156.8907805351029,23710.610000000004,23243.73034835914,732.4764004629629
2012-09-18 12:32:31+00:00,156.78,157.28203193649063,23867.390000000003,23401.01238029563,733.0315046296296
2012-09-19 06:07:38+00:00,156.78,157.6732833378784,24024.170000000002,23558.685663633507,733.7642245370371
2012-09-21 13:31:45+00:00,156.78,158.06453473926615,24180.95,23716.750198372774,736.0726388888888
2012-09-24 18:50:29+00:00,156.0,158.4557861406539,24336.95,23875.205984513428,739.2939814814815
2012-09-26 23:38:10+00:00,156.78,158.84703754204165,24493.73,24034.05302205547,741.493761574074
2012-09-28 12:06:06+00:00,156.78,159.2382889434294,24650.51,24193.2913109989,743.0131597222222
2012-09-30 13:48:14+00:00,156.78,159.62954034481714,24807.289999999997,24352.920851343715,745.0840856481482
2012-10-12 14:50:36+00:00,156.78,160.0207917462049,24964.069999999996,24512.941643089922,757.1273958333334
2012-10-16 07:33:28+00:00,156.78,160.41204314759267,25120.849999999995,24673.353686237515,760.8238310185185
2012-10-21 14:52:14+00:00,156.78,160.8032945489804,25277.629999999994,24834.156980786494,766.1285300925925
2012-10-22 15:08:44+00:00,156.78,161.19454595036817,25434.409999999993,24995.351526736864,767.1399884259259
2012-10-24 22:20:43+00:00,156.78,161.58579735175593,25591.18999999999,25156.93732408862,769.4399768518518
2012-10-28 07:25:36+00:00,159.03,161.97704875314366,25750.21999999999,25318.914372841762,772.8183680555555
2012-10-29 02:40:50+00:00,159.03,162.36830015453143,25909.24999999999,25481.282672996294,773.620613425926
2012-10-31 17:30:53+00:00,160.65,162.7595515559192,26069.89999999999,25644.042224552213,776.2387037037037
2012-11-02 19:35:33+00:00,159.84,163.15080295730692,26229.73999999999,25807.19302750952,778.3252777777777
2012-11-04 08:41:29+00:00,155.22,163.54205435869468,26384.959999999992,25970.735081868213,779.8710648148148
2012-11-05 12:02:09+00:00,164.1,163.93330576008242,26549.05999999999,26134.668387628295,781.0104166666666
2012-11-06 09:01:32+00:00,170.19,164.32455716147018,26719.24999999999,26298.992944789767,781.8849884259259
2012-11-08 01:07:51+00:00,169.26,164.71580856285794,26888.509999999987,26463.708753352625,783.5560416666667
2012-11-09 02:46:38+00:00,170.19,165.1070599642457,27058.699999999986,26628.81581331687,784.6246412037037
2012-11-13 16:46:34+00:00,169.26,165.49831136563344,27227.959999999985,26794.314124682503,789.2079282407408
2012-11-16 23:41:58+00:00,169.26,165.8895627670212,27397.219999999983,26960.203687449524,792.4964004629629
2012-11-18 18:52:45+00:00,169.26,166.28081416840894,27566.47999999998,27126.48450161793,794.2955555555556
2012-11-26 02:47:39+00:00,169.26,166.6720655697967,27735.73999999998,27293.15656718773,801.6253472222222
2012-11-27 01:09:38+00:00,169.26,167.06331697118446,27904.999999999978,27460.219884158912,802.5572800925926
2012-11-30 10:08:21+00:00,169.26,167.4545683725722,28074.259999999977,27627.674452531486,805.9313888888889
2012-12-02 18:34:33+00:00,169.26,167.84581977395996,28243.519999999975,27795.520272305446,808.2829166666667
2012-12-11 21:48:02+00:00,169.26,168.23707117534772,28412.779999999973,27963.757343480793,817.4172800925926
2012-12-12 21:55:53+00:00,169.26,168.62832257673546,28582.03999999997,28132.38566605753,818.4227314814815
2012-12-14 13:53:25+00:00,169.26,169.01957397812322,28751.29999999997,28301.405240035652,820.0876851851851
2012-12-18 12:32:45+00:00,170.19,169.41082537951098,28921.48999999997,28470.81606541516,824.0316666666666
2012-12-30 15:23:20+00:00,170.19,169.80207678089872,29091.679999999968,28640.61814219606,836.1501273148148
2013-01-02 16:17:31+00:00,170.19,170.19332818228648,29261.869999999966,28810.811470378347,839.1877546296296
2013-01-03 09:12:25+00:00,170.19,170.5845795836742,29432.059999999965,28981.396049962023,839.8925462962962
2013-01-04 17:54:30+00:00,170.81,170.97583098506198,29602.869999999966,29152.371880947085,841.2551041666667
2013-01-09 23:56:31+00:00,170.81,171.36708238644974,29773.679999999968,29323.738963333533,846.5065046296296
2013-01-10 08:18:10+00:00,170.81,171.7583337878375,29944.48999999997,29495.497297121372,846.8548726851852
2013-01-11 07:54:36+00:00,177.21,172.14958518922523,30121.699999999968,29667.646882310597,847.8385069444445
2013-01-13 15:36:13+00:00,177.21,172.540836590613,30298.909999999967,29840.18771890121,850.159074074074
2013-01-15 13:12:20+00:00,177.21,172.93208799200073,30476.119999999966,30013.11980689321,852.0591550925926
2013-01-16 13:05:11+00:00,177.21,173.3233393933885,30653.329999999965,30186.443146286598,853.0541898148148
2013-01-17 13:25:17+00:00,177.21,173.71459079477626,30830.539999999964,30360.157737081376,854.0681481481481
2013-01-18 12:25:12+00:00,177.21,174.105842196164,31007.749999999964,30534.26357927754,855.0264236111111
2013-01-19 08:39:39+00:00,177.21,174.49709359755175,31184.959999999963,30708.76067287509,855.8697916666666
2013-01-20 01:41:58+00:00,180.51,174.8883449989395,31365.46999999996,30883.64901787403,856.5797337962963
2013-01-21 10:51:42+00:00,171.52,175.27959640032725,31536.98999999996,31058.92861427436,857.9614930555556
2013-01-22 15:15:35+00:00,180.51,175.670847801715,31717.49999999996,31234.599462076072,859.1447453703704
2013-01-23 15:10:56+00:00,172.8,176.06209920310278,31890.29999999996,31410.661561279176,860.1415162037038
2013-01-24 09:09:10+00:00,172.8,176.4533506044905,32063.09999999996,31587.114911883666,860.8902893518518
2013-01-25 07:59:19+00:00,172.8,176.84460200587827,32235.899999999958,31763.959513889546,861.8417824074074
2013-02-04 16:01:58+00:00,172.8,177.235853407266,32408.699999999957,31941.195367296812,872.1769560185185
2013-02-05 14:51:14+00:00,170.81,177.62710480865377,32579.50999999996,32118.822472105465,873.1278356481481
2013-02-06 11:53:01+00:00,172.8,178.01835621004153,32752.309999999958,32296.840828315508,874.0040740740741
2013-02-07 03:46:23+00:00,172.8,178.40960761142927,32925.10999999996,32475.250435926937,874.6661342592593
2013-02-08 11:20:48+00:00,173.76,178.80085901281703,33098.86999999996,32654.051294939753,875.9817013888888
2013-02-09 20:49:37+00:00,173.76,179.1921104142048,33272.62999999996,32833.243405353955,877.376712962963
2013-02-10 15:06:39+00:00,176.55,179.58336181559253,33449.179999999964,33012.82676716955,878.1385416666667
2013-02-11 01:24:31+00:00,173.76,179.9746132169803,33622.939999999966,33192.80138038653,878.5676157407407
2013-02-12 10:54:26+00:00,173.76,180.36586461836805,33796.69999999997,33373.1672450049,879.9633912037037
2013-02-13 11:12:08+00:00,176.0,180.75711601975578,33972.69999999997,33553.924361024656,880.9756828703704
2013-02-14 10:55:28+00:00,178.2,181.14836742114355,34150.899999999965,33735.0727284458,881.9641087962963
2013-02-16 13:22:24+00:00,176.0,181.53961882253128,34326.899999999965,33916.612347268325,884.0661458333333
2013-02-18 14:56:19+00:00,176.0,181.93087022391904,34502.899999999965,34098.543217492246,886.1313657407408
2013-02-19 09:41:04+00:00,176.0,182.3221216253068,34678.899999999965,34280.865339117554,886.9124421296297
2013-02-22 17:28:24+00:00,176.0,182.71337302669457,34854.899999999965,34463.57871214425,890.2369791666666
2013-02-26 03:32:22+00:00,176.0,183.1046244280823,35030.899999999965,34646.68333657233,893.656400462963
2013-03-04 21:42:03+00:00,177.21,183.49587582947007,35208.109999999964,34830.179212401796,900.413125
2013-03-07 12:31:29+00:00,176.0,183.8871272308578,35384.109999999964,35014.066339632656,903.030787037037
2013-03-08 12:40:05+00:00,176.0,184.27837863224556,35560.109999999964,35198.3447182649,904.0367592592593
2013-03-09 09:40:24+00:00,179.52,184.66963003363333,35739.62999999996,35383.01434829854,904.9119791666667
2013-03-12 22:49:06+00:00,180.51,185.0608814350211,35920.13999999996,35568.07522973356,908.4596875
2013-03-20 12:12:22+00:00,184.8,185.45213283640882,36104.939999999966,35753.52736256996,916.0175115740741
2013-03-27 10:31:32+00:00,188.76,185.84338423779658,36293.69999999997,35939.37074680776,922.9474884259259
2013-03-29 13:15:56+00:00,190.74,186.23463563918432,36484.439999999966,36125.60538244695,925.0616550925926
2013-04-01 09:50:38+00:00,188.76,186.62588704057208,36673.19999999997,36312.23126948752,927.9190856481481
2013-04-02 13:02:47+00:00,190.74,187.01713844195984,36863.939999999966,36499.24840792948,929.0525231481481
2013-04-03 21:59:11+00:00,190.74,187.40838984334758,37054.679999999964,36686.65679777283,930.4250231481482
2013-04-08 22:36:46+00:00,190.74,187.79964124473534,37245.41999999996,36874.45643901756,935.4511226851852
2013-04-10 10:43:49+00:00,190.74,188.19089264612307,37436.15999999996,37062.647331663684,936.9560185185185
2013-04-11 13:14:18+00:00,190.74,188.58214404751084,37626.89999999996,37251.229475711196,938.0605208333334
2013-04-12 11:26:02+00:00,179.52,188.9733954488986,37806.419999999955,37440.202871160094,938.9853356481482
2013-04-22 13:03:30+00:00,179.52,189.36464685028636,37985.93999999995,37629.56751801038,949.0530208333333
2013-04-23 10:46:07+00:00,190.74,189.7558982516741,38176.67999999995,37819.32341626205,949.9576157407407
2013-04-24 14:29:40+00:00,197.4,190.14714965306183,38374.07999999995,38009.470565915115,951.1128587962963
2013-04-26 07:51:45+00:00,197.4,190.5384010544496,38571.47999999995,38200.008966969566,952.8365277777777
2013-04-27 09:31:15+00:00,197.4,190.92965245583736,38768.879999999954,38390.938619425404,953.905625
2013-04-30 10:55:56+00:00,190.74,191.32090385722512,38959.61999999995,38582.25952328263,956.9644328703704
2013-05-01 13:36:07+00:00,197.4,191.71215525861285,39157.01999999995,38773.97167854124,958.0756712962963
2013-05-02 23:12:53+00:00,197.4,192.10340666000062,39354.419999999955,38966.07508520124,959.4762037037037
2013-05-03 07:03:48+00:00,197.4,192.49465806138838,39551.819999999956,39158.56974326263,959.8032291666667
2013-05-04 18:24:16+00:00,197.4,192.8859094627761,39749.21999999996,39351.45565272541,961.275775462963
2013-05-07 17:21:31+00:00,197.4,193.27716086416387,39946.61999999996,39544.73281358957,964.2321990740741
2013-05-08 14:49:14+00:00,197.4,193.66841226555164,40144.01999999996,39738.40122585512,965.1264467592592
2013-05-16 18:17:43+00:00,197.4,194.05966366693937,40341.41999999996,39932.46088952206,973.2712268518519
2013-05-25 17:24:57+00:00,190.06,194.45091506832713,40531.47999999996,40126.91180459039,982.2345833333334
2013-06-04 11:54:41+00:00,190.06,194.84216646971487,40721.53999999996,40321.753971060105,992.0052314814815
2013-06-06 09:00:52+00:00,197.4,195.23341787110263,40918.93999999996,40516.98738893121,993.884525462963
2013-06-19 16:14:03+00:00,190.06,195.6246692724904,41108.999999999956,40712.6120582037,1007.1853472222223
2013-06-24 13:36:57+00:00,197.4,196.01592067387816,41306.39999999996,40908.62797887757,1012.07625
2013-06-30 01:17:47+00:00,197.4,196.4071720752659,41503.79999999996,41105.03515095284,1017.5629398148149
2013-07-02 23:08:17+00:00,190.06,196.79842347665365,41693.85999999996,41301.8335744295,1020.4730092592592
2013-07-03 09:17:00+00:00,190.06,197.1896748780414,41883.919999999955,41499.02324930754,1020.8957291666667
2013-07-04 08:24:43+00:00,197.4,197.58092627942915,42081.319999999956,41696.60417558697,1021.8594212962963
2013-07-15 18:53:27+00:00,190.06,197.9721776808169,42271.379999999954,41894.57635326778,1033.2960416666667
2013-07-16 10:47:43+00:00,190.06,198.36342908220465,42461.43999999995,42092.93978234998,1033.958726851852
2013-07-19 00:13:18+00:00,190.06,198.7546804835924,42651.49999999995,42291.69446283358,1036.5181597222222
2013-07-26 15:48:50+00:00,190.74,199.14593188498014,42842.23999999995,42490.84039471856,1044.1678356481482
2013-07-27 07:11:12+00:00,190.74,199.5371832863679,43032.979999999945,42690.377578004925,1044.8083680555555
2013-08-09 08:08:50+00:00,197.4,199.92843468775567,43230.37999999995,42890.30601269268,1057.8483912037036
2013-08-15 10:15:56+00:00,190.74,200.31968608914343,43421.119999999944,43090.62569878182,1063.9366550925927
2013-08-19 14:12:45+00:00,190.74,200.71093749053117,43611.85999999994,43291.336636272354,1068.101111111111
2013-08-20 12:04:57+00:00,190.74,201.1021888919189,43802.59999999994,43492.438825164274,1069.0123611111112
2013-08-21 09:11:27+00:00,190.74,201.49344029330666,43993.33999999994,43693.93226545758,1069.891875
2013-08-23 14:35:45+00:00,190.74,201.88469169469442,44184.079999999936,43895.816957152274,1072.1170833333333
2013-08-29 07:11:18+00:00,191.76,202.2759430960822,44375.83999999994,44098.09290024835,1077.8084375
2013-09-03 21:33:33+00:00,191.76,202.66719449746995,44567.59999999994,44300.76009474583,1083.4072222222221
2013-09-04 10:26:39+00:00,191.76,203.05844589885768,44759.35999999994,44503.81854064469,1083.9440972222221
2013-09-08 04:44:29+00:00,197.4,203.44969730024545,44956.759999999944,44707.26823794493,1087.7064814814814
2013-09-10 13:27:41+00:00,191.76,203.84094870163318,45148.519999999946,44911.109186646565,1090.069814814815
2013-09-12 10:54:26+00:00,192.44,204.23220010302094,45340.95999999995,45115.341386749584,1091.9633912037036
2013-09-14 12:27:26+00:00,192.44,204.6234515044087,45533.39999999995,45319.96483825399,1094.027974537037
2013-09-15 12:09:51+00:00,192.44,205.01470290579644,45725.83999999995,45524.97954115979,1095.0157638888888
2013-09-16 09:57:01+00:00,192.44,205.4059543071842,45918.279999999955,45730.38549546697,1095.9235185185184
2013-09-20 11:10:28+00:00,193.12,205.79720570857194,46111.39999999996,45936.182701175545,1099.974525462963
2013-09-23 12:30:40+00:00,197.4,206.1884571099597,46308.79999999996,46142.3711582855,1103.0302199074074
2013-09-27 13:33:11+00:00,193.12,206.57970851134746,46501.91999999996,46348.95086679685,1107.0736342592593
2013-10-01 18:25:11+00:00,193.12,206.97095991273522,46695.039999999964,46555.921826709586,1111.276412037037
2013-10-07 18:06:32+00:00,193.12,207.36221131412296,46888.15999999997,46763.28403802371,1117.263460648148
2013-10-09 11:09:58+00:00,193.12,207.75346271551072,47081.27999999997,46971.03750073922,1118.9741782407407
2013-10-11 12:30:06+00:00,193.12,208.14471411689846,47274.39999999997,47179.18221485612,1121.029826388889
2013-10-12 09:36:04+00:00,197.4,208.53596551828622,47471.799999999974,47387.7181803744,1121.9089699074075
2013-10-13 08:29:21+00:00,198.45,208.92721691967398,47670.24999999997,47596.64539729408,1122.8626388888888
2013-10-14 11:25:49+00:00,198.45,209.31846832106174,47868.69999999997,47805.963865615144,1123.9851851851852
2013-10-16 11:48:14+00:00,196.0,209.70971972244948,48064.69999999997,48015.673585337594,1126.000752314815
2013-10-19 09:37:38+00:00,202.68,210.1009711238372,48267.37999999997,48225.77455646143,1128.9100578703703
2013-10-26 09:18:45+00:00,193.8,210.49222252522497,48461.17999999997,48436.266778986654,1135.8969444444444
2013-10-28 10:26:37+00:00,202.68,210.88347392661274,48663.85999999997,48647.15025291326,1137.944074074074
2013-10-29 15:21:05+00:00,202.68,211.2747253280005,48866.53999999997,48858.424978241266,1139.1485648148148
2013-10-30 09:41:42+00:00,193.8,211.66597672938826,49060.339999999975,49070.090954970656,1139.9128819444445
2013-10-31 09:58:29+00:00,203.4,212.05722813077597,49263.739999999976,49282.14818310143,1140.924537037037
2013-11-01 12:10:34+00:00,202.68,212.44847953216373,49466.41999999998,49494.596662633594,1142.0162615740742
2013-11-02 08:44:51+00:00,204.61,212.8397309335515,49671.02999999998,49707.43639356714,1142.8734027777778
2013-11-03 08:38:46+00:00,204.61,213.23098233493926,49875.63999999998,49920.667375902085,1143.8691782407407
2013-11-04 11:08:42+00:00,204.61,213.62223373632702,50080.24999999998,50134.289609638414,1144.9732986111112
2013-11-05 10:22:18+00:00,204.61,214.01348513771475,50284.85999999998,50348.30309477613,1145.9410763888889
2013-11-06 07:37:06+00:00,204.61,214.40473653910252,50489.46999999998,50562.70783131523,1146.8263541666668
2013-11-10 11:29:03+00:00,204.61,214.79598794049025,50694.07999999998,50777.50381925572,1150.9874305555556
2013-11-11 10:42:41+00:00,204.61,215.187239341878,50898.68999999998,50992.6910585976,1151.9552314814814
2013-11-15 18:33:53+00:00,204.61,215.57849074326577,51103.29999999998,51208.26954934087,1156.2824537037036
2013-11-22 14:31:17+00:00,204.61,215.9697421446535,51307.90999999998,51424.23929148552,1163.1139814814815
2013-12-03 12:06:47+00:00,197.4,216.36099354604127,51505.30999999998,51640.60028503156,1174.0136342592593
2013-12-06 10:40:46+00:00,204.61,216.752244947429,51709.919999999984,51857.35252997899,1176.953900462963
2013-12-14 19:36:25+00:00,204.61,217.14349634881677,51914.529999999984,52074.496026327804,1185.3258796296295
2013-12-19 21:01:02+00:00,204.61,217.53474775020453,52119.139999999985,52292.03077407801,1190.3846412037037
2013-12-24 16:54:31+00:00,197.4,217.9259991515923,52316.539999999986,52509.956773229605,1195.213449074074
2013-12-27 11:19:45+00:00,204.61,218.31725055298003,52521.14999999999,52728.274023782586,1197.9809722222221
2013-12-31 09:13:35+00:00,204.61,218.7085019543678,52725.75999999999,52946.98252573695,1201.8933564814815
2014-01-08 02:02:01+00:00,197.4,219.09975335575552,52923.15999999999,53166.082279092705,1209.5936574074074
2014-01-19 13:05:28+00:00,206.09,219.4910047571433,53129.249999999985,53385.57328384985,1221.054386574074
2014-01-20 07:44:05+00:00,197.4,219.88225615853105,53326.64999999999,53605.455540008385,1221.8312037037037
2014-01-21 00:28:25+00:00,206.09,220.2735075599188,53532.73999999998,53825.729047568304,1222.5286574074073
2014-01-27 14:47:56+00:00,206.09,220.66475896130655,53738.82999999998,54046.39380652961,1229.1255439814815
2014-01-29 10:10:09+00:00,207.2,221.05601036269428,53946.02999999998,54267.4498168923,1230.932638888889
2014-01-30 07:06:37+00:00,207.2,221.44726176408204,54153.229999999974,54488.89707865638,1231.805185185185
2014-02-05 07:19:00+00:00,196.0,221.8385131654698,54349.229999999974,54710.73559182185,1237.8137847222222
2014-02-11 10:00:06+00:00,207.2,222.22976456685757,54556.42999999997,54932.96535638871,1243.9256597222222
2014-02-14 09:47:41+00:00,207.2,222.62101596824533,54763.62999999997,55155.58637235696,1246.917037037037
2014-02-21 11:34:09+00:00,207.2,223.01226736963307,54970.829999999965,55378.59863972659,1253.9909722222221
2014-02-22 08:10:18+00:00,207.2,223.40351877102083,55178.02999999996,55602.002158497606,1254.8494097222222
2014-03-04 22:23:45+00:00,207.2,223.79477017240856,55385.22999999996,55825.79692867002,1265.4420833333334
2014-03-11 08:57:40+00:00,207.2,224.18602157379632,55592.42999999996,56049.982950243815,1271.8823032407408
2014-03-14 14:11:46+00:00,207.2,224.5772729751841,55799.629999999954,56274.560223219,1275.1004282407407
2014-03-19 11:39:12+00:00,207.2,224.96852437657182,56006.82999999995,56499.52874759557,1279.9944791666667
2014-03-29 15:15:59+00:00,211.28,225.35977577795958,56218.10999999995,56724.88852337353,1290.145023148148
2014-04-02 17:10:59+00:00,211.28,225.75102717934732,56429.38999999995,56950.63955055288,1294.2248842592592
2014-04-07 11:59:30+00:00,197.4,226.14227858073508,56626.78999999995,57176.781829133615,1299.008576388889
2014-04-15 22:51:52+00:00,197.4,226.53352998212284,56824.18999999995,57403.31535911574,1307.4616087962963
2014-04-29 14:59:54+00:00,211.28,226.9247813835106,57035.46999999995,57630.24014049925,1321.1338541666667
2014-05-01 09:05:23+00:00,216.06,227.31603278489834,57251.52999999995,57857.556173284145,1322.887662037037
2014-05-04 18:33:28+00:00,211.28,227.7072841862861,57462.80999999995,58085.26345747043,1326.2821643518519
2014-05-13 14:25:14+00:00,216.06,228.09853558767384,57678.869999999944,58313.361993058104,1335.1097800925927
2014-05-16 08:12:27+00:00,211.28,228.4897869890616,57890.14999999994,58541.85178004717,1337.8509027777777
2014-06-06 07:42:48+00:00,216.06,228.88103839044936,58106.20999999994,58770.73281843762,1358.8303125
2014-06-14 23:22:21+00:00,216.84,229.2722897918371,58323.04999999994,59000.00510822945,1367.4827777777778
2014-06-15 09:29:52+00:00,216.84,229.66354119322486,58539.889999999934,59229.668649422674,1367.9046643518518
2014-06-23 10:00:09+00:00,211.28,230.0547925946126,58751.16999999993,59459.72344201729,1375.9256944444444
2014-06-24 08:43:45+00:00,216.84,230.44604399600036,58968.00999999993,59690.16948601329,1376.8726388888888
2014-06-26 20:29:54+00:00,211.28,230.83729539738812,59179.28999999993,59921.00678141068,1379.3630208333334
2014-06-27 08:12:38+00:00,211.28,231.22854679877585,59390.56999999993,60152.235328209455,1379.8510300925925
2014-06-30 09:26:41+00:00,207.48,231.61979820016361,59598.04999999993,60383.85512640962,1382.9024537037037
2014-07-01 07:01:07+00:00,210.6,232.01104960155135,59808.64999999993,60615.86617601117,1383.8013657407407
2014-07-08 07:48:43+00:00,211.28,232.4023010029391,60019.92999999993,60848.26847701411,1390.8344212962963
2014-07-23 23:40:07+00:00,213.72,232.79355240432687,60233.64999999993,61081.06202941844,1406.4951157407406
2014-07-24 11:56:44+00:00,211.38,233.18480380571464,60445.029999999926,61314.246833224155,1407.0066550925926
2014-07-25 10:30:43+00:00,211.38,233.57605520710237,60656.40999999992,61547.822888431256,1407.9469212962963
2014-08-27 15:17:03+00:00,210.6,233.96730660849013,60867.00999999992,61781.79019503974,1441.145763888889
2014-09-16 09:15:08+00:00,212.94,234.35855800987787,61079.949999999924,62016.14875304962,1460.8944328703703
2014-09-17 12:09:17+00:00,213.72,234.74980941126563,61293.669999999925,62250.89856246089,1462.0153703703704
2014-09-21 09:30:51+00:00,211.28,235.1410608126534,61504.949999999924,62486.039623273544,1465.9053472222222
2014-09-22 09:39:03+00:00,211.28,235.53231221404116,61716.22999999992,62721.571935487584,1466.9110416666667
2014-09-26 09:28:18+00:00,212.04,235.9235636154289,61928.269999999924,62957.49549910301,1470.903576388889
2014-10-12 14:06:33+00:00,212.04,236.31481501681662,62140.309999999925,63193.81031411983,1487.0968055555556
2014-10-14 09:17:41+00:00,212.04,236.7060664182044,62352.349999999926,63430.516380538036,1488.8962037037038
2014-11-07 10:21:48+00:00,214.5,237.09731781959215,62566.849999999926,63667.61369835763,1512.9407291666666
2014-11-23 19:57:21+00:00,212.04,237.4885692209799,62778.88999999993,63905.10226757861,1529.3404166666667
2014-11-24 09:54:11+00:00,212.04,237.87982062236767,62990.92999999993,64142.98208820097,1529.9215509259259
2014-11-29 11:31:20+00:00,216.4,238.27107202375544,63207.32999999993,64381.253160224725,1534.9890162037036
2014-12-03 19:53:06+00:00,214.5,238.66232342514314,63421.82999999993,64619.91548364987,1539.3374652777777
2014-12-04 12:02:13+00:00,214.5,239.0535748265309,63636.32999999993,64858.9690584764,1540.010462962963
2014-12-06 17:39:29+00:00,212.04,239.44482622791867,63848.36999999993,65098.41388470432,1542.244675925926
2014-12-09 22:40:26+00:00,212.04,239.83607762930643,64060.40999999993,65338.249962333626,1545.4536689814815
2014-12-13 18:41:47+00:00,212.04,240.2273290306942,64272.44999999993,65578.47729136432,1549.2879398148148
2014-12-14 15:16:51+00:00,212.8,240.61858043208193,64485.249999999935,65819.09587179641,1550.145625
2014-12-16 15:03:38+00:00,212.8,241.00983183346966,64698.04999999994,66060.10570362987,1552.1364467592593
2014-12-18 07:38:23+00:00,215.28,241.40108323485742,64913.329999999936,66301.50678686473,1553.8272453703703
2015-01-07 18:26:08+00:00,214.7,241.7923346362452,65128.02999999993,66543.29912150098,1574.2770717592593
2015-01-09 18:06:25+00:00,214.7,242.18358603763295,65342.72999999993,66785.48270753861,1576.2633796296295
2015-01-15 23:37:16+00:00,216.22,242.5748374390207,65558.94999999992,67028.05754497764,1582.493136574074
2015-01-16 00:26:03+00:00,216.22,242.96608884040845,65775.16999999993,67271.02363381804,1582.5270138888889
2015-01-17 21:07:29+00:00,216.22,243.35734024179618,65991.38999999993,67514.38097405984,1584.3891203703704
2015-01-18 14:18:59+00:00,217.2,243.74859164318394,66208.58999999992,67758.12956570303,1585.1054398148149
2015-01-20 14:53:46+00:00,216.22,244.1398430445717,66424.80999999992,68002.2694087476,1587.1295949074074
2015-01-21 00:29:58+00:00,216.45,244.53109444595947,66641.25999999992,68246.80050319356,1587.5297337962963
2015-01-29 19:17:11+00:00,216.45,244.9223458473472,66857.70999999992,68491.7228490409,1596.312523148148
2015-02-27 15:58:37+00:00,216.22,245.31359724873496,67073.92999999992,68737.03644628964,1625.1746296296296
2015-03-06 00:00:13+00:00,216.22,245.7048486501227,67290.14999999992,68982.74129493977,1631.509074074074
2015-03-27 17:09:58+00:00,216.22,246.09610005151046,67506.36999999992,69228.83739499128,1653.2241782407407
2015-04-10 22:16:13+00:00,218.0,246.48735145289822,67724.36999999992,69475.32474644418,1667.4368518518518
2015-04-11 07:21:49+00:00,216.45,246.878602854286,67940.81999999992,69722.20334929846,1667.8157407407407
2015-04-12 20:25:14+00:00,217.74,247.26985425567372,68158.55999999992,69969.47320355414,1669.3597800925927
2015-04-16 10:32:36+00:00,218.4,247.66110565706148,68376.95999999992,70217.1343092112,1672.9482291666666
2015-04-18 12:18:46+00:00,217.93,248.05235705844922,68594.88999999991,70465.18666626964,1675.0219560185185
2015-04-30 11:07:13+00:00,217.74,248.44360845983698,68812.62999999992,70713.63027472948,1686.9722685185186
2015-05-01 15:01:01+00:00,217.74,248.83485986122474,69030.36999999992,70962.4651345907,1688.1346296296297
2015-05-02 01:36:55+00:00,217.93,249.22611126261248,69248.29999999992,71211.69124585332,1688.5762268518517
2015-05-03 13:18:46+00:00,217.74,249.61736266400024,69466.03999999992,71461.30860851731,1690.0636226851852
2015-05-04 11:53:14+00:00,217.74,250.00861406538797,69683.77999999993,71711.3172225827,1691.004224537037
2015-05-05 09:36:47+00:00,231.8,250.39986546677574,69915.57999999993,71961.71708804948,1691.9094675925926
2015-05-06 11:00:00+00:00,231.8,250.7911168681635,70147.37999999993,72212.50820491764,1692.9672569444444
2015-05-08 16:25:25+00:00,217.74,251.18236826955123,70365.11999999994,72463.6905731872,1695.1932407407407
2015-05-11 09:45:02+00:00,231.8,251.573619670939,70596.91999999994,72715.26419285813,1697.9151967592593
2015-05-14 17:33:05+00:00,231.8,251.96487107232673,70828.71999999994,72967.22906393046,1701.2402314814815
2015-05-28 18:44:30+00:00,217.74,252.3561224737145,71046.45999999995,73219.58518640418,1715.289826388889
2015-05-30 19:48:15+00:00,232.0,252.74737387510226,71278.45999999995,73472.33256027928,1717.3340972222222
2015-06-04 23:06:05+00:00,231.8,253.13862527649002,71510.25999999995,73725.47118555577,1722.4714814814815
2015-06-09 17:20:27+00:00,232.0,253.52987667787775,71742.25999999995,73979.00106223364,1727.2314583333334
2015-06-13 00:14:28+00:00,231.2,253.92112807926551,71973.45999999995,74232.92219031291,1730.5189699074074
2015-06-14 20:09:29+00:00,230.4,254.31237948065325,72203.85999999994,74487.23456979357,1732.3488425925925
2015-06-15 22:07:22+00:00,231.2,254.703630882041,72435.05999999994,74741.9382006756,1733.4307060185185
2015-06-19 13:44:41+00:00,231.8,255.09488228342877,72666.85999999994,74997.03308295904,1737.0816203703703
2015-06-24 18:17:34+00:00,231.2,255.4861336848165,72898.05999999994,75252.51921664385,1742.2711226851852
2015-06-26 05:05:12+00:00,231.2,255.87738508620427,73129.25999999994,75508.39660173006,1743.7208680555555
2015-06-28 09:15:29+00:00,231.2,256.268636487592,73360.45999999993,75764.66523821765,1745.8946759259259
2015-07-01 17:38:37+00:00,231.8,256.65988788897977,73592.25999999994,76021.32512610663,1749.244074074074
2015-07-02 01:05:27+00:00,231.8,257.05113929036753,73824.05999999994,76278.376265397,1749.554375
2015-07-07 09:25:18+00:00,231.2,257.4423906917553,74055.25999999994,76535.81865608876,1754.9014930555556
2015-07-16 22:16:12+00:00,231.8,257.83364209314306,74287.05999999994,76793.6522981819,1764.4368402777777
2015-07-17 23:36:47+00:00,231.8,258.22489349453076,74518.85999999994,77051.87719167642,1765.4928009259258
2015-07-23 06:36:06+00:00,231.8,258.6161448959185,74750.65999999995,77310.49333657234,1770.7839930555556
2015-07-31 08:30:16+00:00,231.8,259.0073962973063,74982.45999999995,77569.50073286965,1778.863275462963
2015-08-03 14:09:33+00:00,233.6,259.39864769869405,75216.05999999995,77828.89938056834,1782.098888888889
2015-08-04 11:19:19+00:00,235.98,259.7898991000818,75452.03999999995,78088.68927966843,1782.9806712962964
2015-08-05 18:16:09+00:00,232.8,260.1811505014696,75684.83999999995,78348.87043016989,1784.2701388888888
2015-08-13 16:19:23+00:00,235.22,260.5724019028573,75920.05999999995,78609.44283207275,1792.1890509259258
2015-08-22 21:17:31+00:00,242.72,260.96365330424504,76162.77999999996,78870.406485377,1801.396087962963
2015-08-23 08:57:57+00:00,232.8,261.3549047056328,76395.57999999996,79131.76139008263,1801.8825
2015-08-24 11:06:43+00:00,242.72,261.74615610702057,76638.29999999996,79393.50754618965,1802.9719212962964
2015-08-29 18:21:43+00:00,242.72,262.13740750840833,76881.01999999996,79655.64495369805,1808.2740046296296
2015-08-30 14:58:09+00:00,238.56,262.5286589097961,77119.57999999996,79918.17361260785,1809.1326388888888
2015-08-31 05:50:31+00:00,243.81,262.9199103111838,77363.38999999996,80181.09352291904,1809.7523379629629
2015-09-01 13:40:51+00:00,235.22,263.31116171257156,77598.60999999996,80444.4046846316,1811.0789583333333
2015-09-02 08:54:43+00:00,248.54,263.7024131139593,77847.14999999995,80708.10709774557,1811.8802546296297
2015-09-06 20:43:29+00:00,248.54,264.0936645153471,78095.68999999994,80972.20076226091,1816.3724537037037
2015-09-07 16:02:43+00:00,245.52,264.48491591673485,78341.20999999995,81236.68567817764,1817.177476851852
2015-09-08 08:29:27+00:00,239.02,264.8761673181226,78580.22999999995,81501.56184549577,1817.8627083333333
2015-09-09 14:54:20+00:00,255.2,265.2674187195103,78835.42999999995,81766.82926421528,1819.1299884259258
2015-09-14 19:26:16+00:00,239.02,265.6586701208981,79074.44999999995,82032.48793433618,1824.3188310185185
2015-09-15 07:52:12+00:00,255.2,266.04992152228584,79329.64999999995,82298.53785585846,1824.8368402777778
2015-09-27 20:54:29+00:00,256.08,266.4411729236736,79585.72999999995,82564.97902878214,1837.3800925925925
2015-10-01 21:05:04+00:00,241.3,266.8324243250613,79827.02999999996,82831.8114531072,1841.3874421296296
2015-10-03 17:44:38+00:00,241.3,267.2236757264491,80068.32999999996,83099.03512883365,1843.2482523148149
2015-10-12 10:02:36+00:00,241.3,267.61492712783684,80309.62999999996,83366.6500559615,1851.9273958333333
2015-11-01 14:00:11+00:00,241.3,268.0061785292246,80550.92999999996,83634.65623449071,1872.0923842592592
2015-11-04 02:10:30+00:00,241.3,268.39742993061236,80792.22999999997,83903.05366442133,1874.599548611111
2015-11-10 12:12:44+00:00,241.3,268.7886813320001,81033.52999999997,84171.84234575334,1881.0177662037038
2015-11-18 11:29:07+00:00,241.3,269.1799327333879,81274.82999999997,84441.02227848672,1888.9874768518519
2015-11-26 16:29:36+00:00,241.3,269.57118413477565,81516.12999999998,84710.5934626215,1897.1961458333333
2015-12-14 16:23:35+00:00,242.44,269.9624355361634,81758.56999999998,84980.55589815766,1915.1919675925926
2015-12-22 08:02:22+00:00,241.3,270.3536869375511,81999.86999999998,85250.90958509521,1922.843900462963
2015-12-26 14:31:38+00:00,242.44,270.7449383389388,82242.30999999998,85521.65452343415,1927.114224537037
2016-01-03 16:41:11+00:00,242.44,271.1361897403266,82484.74999999999,85792.79071317447,1935.2041898148148
2016-01-04 15:37:26+00:00,242.44,271.52744114171435,82727.18999999999,86064.31815431619,1936.1599189814815
2016-01-06 15:57:25+00:00,242.44,271.9186925431021,82969.62999999999,86336.23684685929,1938.1737962962964
2016-01-15 11:38:51+00:00,256.96,272.3099439444899,83226.59,86608.54679080378,1946.9942361111111
2016-01-19 13:08:18+00:00,242.44,272.70119534587764,83469.03,86881.24798614965,1951.0563541666668
2016-02-07 15:58:42+00:00,242.44,273.0924467472654,83711.47,87154.34043289692,1970.1746875
2016-02-08 08:46:07+00:00,242.44,273.48369814865316,83953.91,87427.82413104558,1970.8742824074075
2016-02-29 21:05:03+00:00,256.96,273.8749495500409,84210.87000000001,87701.69908059562,1992.3874305555555
2016-03-10 12:44:18+00:00,256.96,274.2662009514287,84467.83000000002,87975.96528154705,2002.0396875
2016-04-02 01:02:21+00:00,258.28,274.6574523528164,84726.11000000002,88250.62273389986,2024.5522222222223
2016-04-06 23:40:39+00:00,257.4,275.0487037542041,84983.51000000001,88525.67143765406,2029.4954861111112
2016-04-29 10:05:35+00:00,262.24,275.43995515559186,85245.75000000001,88801.11139280966,2051.9294675925926
2016-05-01 13:20:06+00:00,264.0,275.8312065569796,85509.75000000001,89076.94259936664,2054.064548611111
2016-05-03 06:03:58+00:00,260.92,276.2224579583674,85770.67000000001,89353.16505732501,2055.761678240741
2016-05-04 02:22:38+00:00,262.24,276.61370935975515,86032.91000000002,89629.77876668476,2056.607974537037
2016-05-05 09:17:21+00:00,262.24,277.0049607611429,86295.15000000002,89906.7837274459,2057.895972222222
2016-05-08 12:50:39+00:00,266.2,277.3962121625307,86561.35000000002,90184.17993960844,2061.0440972222223
2016-05-10 06:32:28+00:00,264.0,277.78746356391844,86825.35000000002,90461.96740317236,2062.7814699074074
2016-05-16 12:34:52+00:00,282.15,278.1787149653062,87107.50000000001,90740.14611813767,2069.033136574074
2016-05-17 07:32:58+00:00,282.15,278.56996636669396,87389.65000000001,91018.71608450435,2069.8234837962964
2016-05-18 09:56:56+00:00,283.05,278.96121776808167,87672.70000000001,91297.67730227244,2070.923460648148
2016-05-19 21:20:52+00:00,283.05,279.35246916946943,87955.75000000001,91577.02977144191,2072.398414351852
2016-05-20 08:09:38+00:00,283.05,279.7437205708572,88238.80000000002,91856.77349201277,2072.8489467592594
2016-05-23 10:51:32+00:00,242.44,280.1349719722449,88481.24000000002,92136.90846398502,2075.961377314815
2016-05-25 08:14:58+00:00,260.92,280.52622337363266,88742.16000000002,92417.43468735865,2077.852650462963
2016-05-26 19:05:18+00:00,281.25,280.9174747750204,89023.41000000002,92698.35216213367,2079.3042708333332
2016-05-27 10:32:28+00:00,281.25,281.3087261764082,89304.66000000002,92979.66088831007,2079.948136574074
2016-06-01 23:49:26+00:00,281.25,281.69997757779595,89585.91000000002,93261.36086588787,2085.501585648148
2016-06-02 13:20:18+00:00,281.25,282.0912289791837,89867.16000000002,93543.45209486705,2086.0646875
2016-06-03 00:07:05+00:00,281.25,282.4824803805715,90148.41000000002,93825.93457524762,2086.5138425925925
2016-06-04 22:13:17+00:00,281.25,282.8737317819592,90429.66000000002,94108.80830702958,2088.4348148148147
2016-06-05 08:00:12+00:00,281.25,283.26498318334694,90710.91000000002,94392.07329021292,2088.8423958333333
2016-06-13 14:11:10+00:00,287.96,283.6562345847347,90998.87000000002,94675.72952479766,2097.100011574074
2016-06-14 11:27:33+00:00,287.96,284.04748598612247,91286.83000000003,94959.77701078379,2097.986388888889
2016-06-18 17:59:33+00:00,287.96,284.4387373875102,91574.79000000004,95244.2157481713,2102.258611111111
2016-06-20 18:04:18+00:00,287.96,284.82998878889794,91862.75000000004,95529.0457369602,2104.2619097222223
2016-07-09 19:58:10+00:00,242.44,285.2212401902857,92105.19000000005,95814.26697715047,2123.3409837962963
2016-07-18 16:35:28+00:00,242.44,285.61249159167346,92347.63000000005,96099.87946874215,2132.2002199074072
2016-08-04 12:26:59+00:00,287.96,286.0037429930612,92635.59000000005,96385.88321173521,2149.027662037037
2016-08-15 10:30:59+00:00,287.96,286.394994394449,92923.55000000006,96672.27820612966,2159.9471064814816
2016-08-17 07:48:05+00:00,242.44,286.78624579583675,93165.99000000006,96959.0644519255,2161.8339814814813
2016-08-22 10:47:15+00:00,287.96,287.17749719722445,93453.95000000007,97246.24194912272,2166.958402777778
2016-09-10 08:54:37+00:00,241.3,287.5687485986122,93695.25000000007,97533.81069772133,2185.8801851851854
2016-09-21 13:34:35+00:00,287.96,287.96,93983.21000000008,97821.77069772134,2197.0746064814816
2016-09-23 12:07:36+00:00,287.96,287.96,94271.17000000009,98109.73069772134,2199.014201388889
2016-09-26 07:14:47+00:00,287.96,287.96,94559.13000000009,98397.69069772135,2201.8108564814816
2016-10-03 07:23:34+00:00,287.96,287.96,94847.0900000001,98685.65069772136,2208.8169560185183
2016-10-05 08:54:06+00:00,287.96,287.96,95135.0500000001,98973.61069772136,2210.879826388889
2016-10-06 14:18:07+00:00,287.96,287.96,95423.01000000011,99261.57069772137,2212.104837962963
2016-10-07 09:45:59+00:00,287.96,287.96,95710.97000000012,99549.53069772138,2212.9158564814816
2016-10-11 19:12:04+00:00,242.44,284.1666666666665,95953.41000000012,99833.69736438805,2217.3089699074076
2016-10-30 08:31:47+00:00,287.96,280.373333333333,96241.37000000013,100114.07069772138,2235.864328703704
2016-11-06 09:19:32+00:00,242.44,257.6133333333328,96483.81000000013,100371.68403105471,2242.897488425926
2016-11-21 06:40:03+00:00,242.44,257.3159999999989,96726.25000000013,100629.00003105472,2257.786736111111
2016-11-23 10:40:33+00:00,292.34,272.66200000000026,97018.59000000013,100901.66203105472,2259.95375
2016-12-06 08:50:55+00:00,293.28,288.0079999999998,97311.87000000013,101189.67003105472,2272.8776157407406
2017-01-01 21:50:06+00:00,293.28,303.35399999999936,97605.15000000013,101493.02403105472,2299.4187152777777
2017-01-02 12:35:46+00:00,242.44,297.5152516188711,97847.59000000013,101790.53928267359,2300.033761574074
2017-01-05 18:50:40+00:00,287.96,291.67650323774285,98135.55000000013,102082.21578591134,2303.2941087962963
2017-01-08 18:32:44+00:00,293.28,292.0450644465002,98428.83000000013,102374.26085035784,2306.2816550925927
2017-01-09 06:25:20+00:00,293.28,292.41362565525753,98722.11000000013,102666.6744760131,2306.7765162037035
2017-01-21 13:26:06+00:00,293.28,292.7821868640149,99015.39000000013,102959.45666287711,2319.0687152777778
2017-02-01 10:54:59+00:00,293.28,293.15074807277216,99308.67000000013,103252.60741094989,2329.963773148148
2017-02-02 10:01:47+00:00,293.28,293.51930928152944,99601.95000000013,103546.12672023142,2330.926828703704
2017-02-19 09:15:12+00:00,293.28,293.8878704902868,99895.23000000013,103840.01459072171,2347.8944791666668
2017-03-03 07:32:25+00:00,293.28,294.25643169904413,100188.51000000013,104134.27102242075,2359.823101851852
2017-03-05 08:47:21+00:00,293.28,294.62499290780147,100481.79000000012,104428.89601532856,2361.875138888889
2017-03-14 11:52:40+00:00,293.28,294.9935541165588,100775.07000000012,104723.88956944512,2371.0038310185187
2017-04-23 16:33:29+00:00,293.28,295.3621153253161,101068.35000000012,105019.25168477044,2411.1988425925924
2017-04-30 09:06:08+00:00,293.28,295.73067653407344,101361.63000000012,105314.98236130452,2417.88818287037
2017-05-02 01:46:20+00:00,293.28,296.0992377428307,101654.91000000012,105611.08159904735,2419.5827662037036
2017-05-03 07:52:34+00:00,294.22,296.46779895158807,101949.13000000012,105907.54939799894,2420.8370949074074
2017-05-09 08:08:21+00:00,298.92,296.8363601603454,102248.05000000012,106204.38575815929,2426.8480555555557
2017-05-13 19:15:29+00:00,298.92,297.20492136910275,102546.97000000012,106501.5906795284,2431.3113425925926
2017-05-14 09:45:04+00:00,298.92,297.57348257786003,102845.89000000012,106799.16416210626,2431.9152199074074
2017-05-19 08:02:47+00:00,298.92,297.9420437866174,103144.81000000011,107097.10620589288,2436.844189814815
2017-06-02 07:11:40+00:00,298.92,298.31060499537466,103443.73000000011,107395.41681088826,2450.8086921296294
2017-06-10 15:52:04+00:00,298.92,298.679166204132,103742.65000000011,107694.0959770924,2459.1700810185184
2017-06-12 11:33:14+00:00,298.92,299.04772741288934,104041.57000000011,107993.14370450529,2460.990335648148
2017-06-15 13:17:09+00:00,303.15,299.4162886216467,104344.7200000001,108292.55999312694,2464.0625
2017-07-20 04:35:33+00:00,303.15,299.784849830404,104647.8700000001,108592.34484295735,2498.700277777778
2017-07-23 09:28:44+00:00,303.15,300.1534110391613,104951.02000000009,108892.49825399651,2501.903877314815
2017-08-17 02:14:46+00:00,303.15,300.5219722479186,105254.17000000009,109193.02022624444,2526.602511574074
2017-08-18 09:36:07+00:00,303.15,300.89053345667594,105557.32000000008,109493.91075970112,2527.9090046296296
2017-08-22 15:11:13+00:00,303.15,301.2590946654333,105860.47000000007,109795.16985436656,2532.141712962963
2017-08-25 11:32:04+00:00,303.15,301.6276558741906,106163.62000000007,110096.79751024075,2534.989525462963
2017-08-29 09:31:19+00:00,303.15,301.99621708294796,106466.77000000006,110398.7937273237,2538.905671296296
2017-10-04 18:12:06+00:00,303.15,302.36477829170525,106769.92000000006,110701.15850561541,2575.2673263888887
2017-10-09 11:19:33+00:00,303.15,302.73333950046253,107073.07000000005,111003.89184511588,2579.9808333333335
2017-11-07 15:52:08+00:00,303.15,303.1019007092199,107376.22000000004,111306.99374582511,2609.1701273148146
2017-11-16 16:49:31+00:00,303.15,303.4704619179772,107679.37000000004,111610.46420774309,2618.209976851852
2017-11-21 21:19:30+00:00,303.15,303.83902312673456,107982.52000000003,111914.30323086983,2623.397465277778
2017-11-22 09:19:54+00:00,303.15,304.2075843354919,108285.67000000003,112218.51081520533,2623.8977430555556
2017-11-23 08:19:08+00:00,303.15,304.5761455442492,108588.82000000002,112523.08696074958,2624.8555439814813
2017-11-27 10:04:08+00:00,305.5,304.9447067530065,108894.32000000002,112828.0316675026,2628.9284606481483
2017-12-10 20:10:38+00:00,303.15,305.3132679617638,109197.47000000002,113133.34493546437,2642.349641203704
2017-12-14 10:03:47+00:00,303.15,305.68182917052115,109500.62000000001,113439.0267646349,2645.928217592593
2018-01-10 10:55:33+00:00,305.5,306.0503903792785,109806.12000000001,113745.07715501418,2672.9641666666666
2018-01-12 08:14:50+00:00,305.5,306.41895158803584,110111.62000000001,114051.49610660222,2674.85255787037
2018-02-17 23:00:52+00:00,306.44,306.7875127967931,110418.06000000001,114358.28361939902,2711.4678587962962
2018-02-23 11:49:39+00:00,306.44,307.15607400555047,110724.50000000001,114665.43969340458,2717.0017361111113
2018-02-24 12:07:50+00:00,305.5,307.52463521430775,111030.00000000001,114972.9643286189,2718.014363425926
2018-02-25 09:08:27+00:00,306.44,307.8931964230651,111336.44000000002,115280.85752504197,2718.8897916666665
2018-02-26 00:58:02+00:00,309.73,298.8075735294117,111646.17000000001,115579.66509857138,2719.549224537037
2018-03-01 08:48:23+00:00,295.32,298.55464705882343,111941.49000000002,115878.21974563021,2722.8758564814816
2018-03-12 17:42:00+00:00,295.32,298.30172058823524,112236.81000000003,116176.52146621844,2734.246423611111
2018-03-13 00:17:07+00:00,295.32,298.048794117647,112532.13000000003,116474.57026033608,2734.5208101851854
2018-03-16 16:29:32+00:00,296.24,297.7958676470588,112828.37000000004,116772.36612798314,2738.196099537037
2018-03-17 15:16:17+00:00,296.24,297.54294117647055,113124.61000000004,117069.9090691596,2739.1452314814815
2018-03-22 02:19:54+00:00,296.24,297.2900147058823,113420.85000000005,117367.19908386549,2743.606076388889
2018-03-27 00:48:01+00:00,296.24,297.03708823529405,113717.09000000005,117664.23617210078,2748.5422685185185
2018-03-31 08:47:44+00:00,296.24,296.7841617647058,114013.33000000006,117961.02033386548,2752.8754050925927
2018-04-01 20:18:26+00:00,296.24,296.53123529411755,114309.57000000007,118257.5515691596,2754.3550578703703
2018-04-02 08:48:19+00:00,296.24,296.27830882352936,114605.81000000007,118553.82987798312,2754.8758101851854
2018-04-04 13:38:05+00:00,296.24,296.0253823529411,114902.05000000008,118849.85526033606,2757.077037037037
2018-04-20 07:17:01+00:00,296.24,295.7724558823529,115198.29000000008,119145.62771621841,2772.8124074074076
2018-04-23 11:09:40+00:00,296.24,295.51952941176467,115494.53000000009,119441.14724563017,2775.9739699074075
2018-06-01 23:24:37+00:00,296.24,295.2666029411764,115790.77000000009,119736.41384857135,2815.484351851852
2018-06-02 13:19:42+00:00,296.24,295.01367647058817,116087.0100000001,120031.42752504193,2816.0642708333335
